-- phpMyAdmin SQL Dump
-- version 5.2.0
-- https://www.phpmyadmin.net/
--
-- Host: mysql:3306
-- Generation Time: Apr 05, 2023 at 01:18 PM
-- Server version: 8.0.26
-- PHP Version: 8.0.19

SET SQL_MODE = "NO_AUTO_VALUE_ON_ZERO";
START TRANSACTION;
SET time_zone = "+00:00";


/*!40101 SET @OLD_CHARACTER_SET_CLIENT=@@CHARACTER_SET_CLIENT */;
/*!40101 SET @OLD_CHARACTER_SET_RESULTS=@@CHARACTER_SET_RESULTS */;
/*!40101 SET @OLD_COLLATION_CONNECTION=@@COLLATION_CONNECTION */;
/*!40101 SET NAMES utf8mb4 */;

--
-- Database: `booking`
--

-- --------------------------------------------------------

--
-- Table structure for table `admins`
--

CREATE TABLE `admins` (
  `id` int UNSIGNED NOT NULL,
  `name` varchar(255) COLLATE utf8mb4_unicode_ci NOT NULL,
  `email` varchar(255) COLLATE utf8mb4_unicode_ci NOT NULL,
  `password` varchar(255) COLLATE utf8mb4_unicode_ci NOT NULL,
  `is_super` tinyint(1) NOT NULL DEFAULT '0',
  `remember_token` varchar(100) COLLATE utf8mb4_unicode_ci DEFAULT NULL,
  `created_at` timestamp NULL DEFAULT NULL,
  `updated_at` timestamp NULL DEFAULT NULL
) ENGINE=InnoDB DEFAULT CHARSET=utf8mb4 COLLATE=utf8mb4_unicode_ci;

--
-- Dumping data for table `admins`
--

INSERT INTO `admins` (`id`, `name`, `email`, `password`, `is_super`, `remember_token`, `created_at`, `updated_at`) VALUES
(1, 'Eula Olson Sr.', 'admin@email.com', '$2y$10$a29x41mYbTbXSiqvTqm27e6Yya0Df4RZ2OlPIiKGOKM389.9e.6OK', 0, 'AtiFyw9qVf', '2023-04-05 13:16:03', '2023-04-05 13:16:03');

-- --------------------------------------------------------

--
-- Table structure for table `buses`
--

CREATE TABLE `buses` (
  `id` bigint UNSIGNED NOT NULL,
  `number` varchar(255) COLLATE utf8mb4_unicode_ci NOT NULL,
  `plate_number` varchar(255) COLLATE utf8mb4_unicode_ci NOT NULL,
  `capacity` int NOT NULL,
  `created_at` timestamp NULL DEFAULT NULL,
  `updated_at` timestamp NULL DEFAULT NULL
) ENGINE=InnoDB DEFAULT CHARSET=utf8mb4 COLLATE=utf8mb4_unicode_ci;

--
-- Dumping data for table `buses`
--

INSERT INTO `buses` (`id`, `number`, `plate_number`, `capacity`, `created_at`, `updated_at`) VALUES
(1, '2798748', '3776 xma', 12, '2023-04-05 13:16:03', '2023-04-05 13:16:03'),
(2, '4996116', '4923 dak', 12, '2023-04-05 13:16:03', '2023-04-05 13:16:03'),
(3, '2570138', '3573 kpz', 12, '2023-04-05 13:16:03', '2023-04-05 13:16:03'),
(4, '8296001', '7511 kdx', 12, '2023-04-05 13:16:03', '2023-04-05 13:16:03'),
(5, '2214696', '1850 kll', 12, '2023-04-05 13:16:03', '2023-04-05 13:16:03'),
(6, '8556217', '1709 yhi', 12, '2023-04-05 13:16:03', '2023-04-05 13:16:03'),
(7, '1343979', '0935 hlm', 12, '2023-04-05 13:16:03', '2023-04-05 13:16:03'),
(8, '8677447', '8858 kwi', 12, '2023-04-05 13:16:03', '2023-04-05 13:16:03'),
(9, '4347739', '4377 ysh', 12, '2023-04-05 13:16:03', '2023-04-05 13:16:03'),
(10, '1129850', '8807 tlb', 12, '2023-04-05 13:16:03', '2023-04-05 13:16:03'),
(11, '3244946', '5463 zff', 12, '2023-04-05 13:16:04', '2023-04-05 13:16:04'),
(12, '2299316', '5761 idr', 12, '2023-04-05 13:16:04', '2023-04-05 13:16:04'),
(13, '9125502', '8117 ait', 12, '2023-04-05 13:16:04', '2023-04-05 13:16:04'),
(14, '4149341', '3532 dsn', 12, '2023-04-05 13:16:04', '2023-04-05 13:16:04'),
(15, '3358887', '8044 cxa', 12, '2023-04-05 13:16:04', '2023-04-05 13:16:04'),
(16, '9217273', '8977 fmf', 12, '2023-04-05 13:16:04', '2023-04-05 13:16:04'),
(17, '4113104', '7686 fed', 12, '2023-04-05 13:16:04', '2023-04-05 13:16:04'),
(18, '6785008', '0108 zet', 12, '2023-04-05 13:16:04', '2023-04-05 13:16:04'),
(19, '9170356', '3904 wkl', 12, '2023-04-05 13:16:04', '2023-04-05 13:16:04'),
(20, '1224567', '9734 vjh', 12, '2023-04-05 13:16:04', '2023-04-05 13:16:04'),
(21, '7479084', '5405 tkz', 12, '2023-04-05 13:16:04', '2023-04-05 13:16:04'),
(22, '5127799', '9255 xrm', 12, '2023-04-05 13:16:04', '2023-04-05 13:16:04'),
(23, '3333030', '8411 irq', 12, '2023-04-05 13:16:04', '2023-04-05 13:16:04'),
(24, '4898877', '1269 pfa', 12, '2023-04-05 13:16:04', '2023-04-05 13:16:04'),
(25, '7537670', '1401 avx', 12, '2023-04-05 13:16:04', '2023-04-05 13:16:04'),
(26, '3261026', '6517 mvk', 12, '2023-04-05 13:16:04', '2023-04-05 13:16:04'),
(27, '2621672', '3713 ldw', 12, '2023-04-05 13:16:04', '2023-04-05 13:16:04'),
(28, '7944360', '7599 odh', 12, '2023-04-05 13:16:04', '2023-04-05 13:16:04'),
(29, '5993294', '2608 ukl', 12, '2023-04-05 13:16:04', '2023-04-05 13:16:04'),
(30, '4676351', '7935 pso', 12, '2023-04-05 13:16:04', '2023-04-05 13:16:04'),
(31, '9235225', '6118 ktb', 12, '2023-04-05 13:16:05', '2023-04-05 13:16:05'),
(32, '7569459', '5904 wzz', 12, '2023-04-05 13:16:05', '2023-04-05 13:16:05'),
(33, '7380566', '9929 mfy', 12, '2023-04-05 13:16:05', '2023-04-05 13:16:05'),
(34, '7794351', '8046 nip', 12, '2023-04-05 13:16:05', '2023-04-05 13:16:05'),
(35, '3457013', '0519 khz', 12, '2023-04-05 13:16:05', '2023-04-05 13:16:05'),
(36, '7560037', '8582 mga', 12, '2023-04-05 13:16:05', '2023-04-05 13:16:05'),
(37, '3769163', '9126 rdz', 12, '2023-04-05 13:16:05', '2023-04-05 13:16:05'),
(38, '1646896', '1402 ckj', 12, '2023-04-05 13:16:05', '2023-04-05 13:16:05'),
(39, '6584656', '1870 ndn', 12, '2023-04-05 13:16:05', '2023-04-05 13:16:05'),
(40, '7359663', '2133 ucg', 12, '2023-04-05 13:16:05', '2023-04-05 13:16:05'),
(41, '6356058', '3635 teh', 12, '2023-04-05 13:16:05', '2023-04-05 13:16:05'),
(42, '4876943', '5770 oum', 12, '2023-04-05 13:16:05', '2023-04-05 13:16:05'),
(43, '9238749', '1536 bfs', 12, '2023-04-05 13:16:05', '2023-04-05 13:16:05'),
(44, '9127933', '6809 zng', 12, '2023-04-05 13:16:05', '2023-04-05 13:16:05'),
(45, '3041420', '1137 pdg', 12, '2023-04-05 13:16:05', '2023-04-05 13:16:05'),
(46, '1828288', '0788 psh', 12, '2023-04-05 13:16:05', '2023-04-05 13:16:05'),
(47, '9673672', '1239 dcb', 12, '2023-04-05 13:16:05', '2023-04-05 13:16:05'),
(48, '1735745', '7989 jxg', 12, '2023-04-05 13:16:05', '2023-04-05 13:16:05'),
(49, '2884510', '0449 wri', 12, '2023-04-05 13:16:05', '2023-04-05 13:16:05'),
(50, '6696470', '1310 nuf', 12, '2023-04-05 13:16:06', '2023-04-05 13:16:06'),
(51, '4716332', '8773 kpd', 12, '2023-04-05 13:16:06', '2023-04-05 13:16:06'),
(52, '3283705', '7413 pyx', 12, '2023-04-05 13:16:06', '2023-04-05 13:16:06'),
(53, '3358791', '0647 blg', 12, '2023-04-05 13:16:06', '2023-04-05 13:16:06'),
(54, '6173336', '9565 kyv', 12, '2023-04-05 13:16:06', '2023-04-05 13:16:06'),
(55, '5678492', '6514 zsq', 12, '2023-04-05 13:16:06', '2023-04-05 13:16:06'),
(56, '2143023', '9347 pwp', 12, '2023-04-05 13:16:06', '2023-04-05 13:16:06'),
(57, '1756980', '7048 zrg', 12, '2023-04-05 13:16:06', '2023-04-05 13:16:06'),
(58, '3160182', '9270 iep', 12, '2023-04-05 13:16:06', '2023-04-05 13:16:06'),
(59, '5255905', '1794 pko', 12, '2023-04-05 13:16:06', '2023-04-05 13:16:06'),
(60, '7952148', '4958 wkn', 12, '2023-04-05 13:16:06', '2023-04-05 13:16:06'),
(61, '4818362', '3798 jgb', 12, '2023-04-05 13:16:06', '2023-04-05 13:16:06'),
(62, '8634840', '4462 xql', 12, '2023-04-05 13:16:06', '2023-04-05 13:16:06'),
(63, '9349715', '0287 laa', 12, '2023-04-05 13:16:06', '2023-04-05 13:16:06'),
(64, '7809794', '7052 zdc', 12, '2023-04-05 13:16:06', '2023-04-05 13:16:06'),
(65, '6476590', '6962 bvr', 12, '2023-04-05 13:16:06', '2023-04-05 13:16:06'),
(66, '4758440', '0107 rja', 12, '2023-04-05 13:16:06', '2023-04-05 13:16:06'),
(67, '4591218', '2683 kfc', 12, '2023-04-05 13:16:06', '2023-04-05 13:16:06'),
(68, '6144933', '9669 aaf', 12, '2023-04-05 13:16:07', '2023-04-05 13:16:07'),
(69, '6965484', '0314 gco', 12, '2023-04-05 13:16:07', '2023-04-05 13:16:07'),
(70, '5727091', '1394 sjr', 12, '2023-04-05 13:16:07', '2023-04-05 13:16:07'),
(71, '1017588', '7252 aun', 12, '2023-04-05 13:16:07', '2023-04-05 13:16:07'),
(72, '3827294', '7022 kvq', 12, '2023-04-05 13:16:07', '2023-04-05 13:16:07'),
(73, '3207882', '4869 iey', 12, '2023-04-05 13:16:07', '2023-04-05 13:16:07'),
(74, '8742166', '7494 brb', 12, '2023-04-05 13:16:07', '2023-04-05 13:16:07'),
(75, '9939192', '3589 zbw', 12, '2023-04-05 13:16:07', '2023-04-05 13:16:07'),
(76, '3362836', '8525 ooo', 12, '2023-04-05 13:16:07', '2023-04-05 13:16:07'),
(77, '3449482', '1547 rdt', 12, '2023-04-05 13:16:07', '2023-04-05 13:16:07'),
(78, '8346711', '8130 tep', 12, '2023-04-05 13:16:07', '2023-04-05 13:16:07'),
(79, '9233184', '8404 lrd', 12, '2023-04-05 13:16:07', '2023-04-05 13:16:07'),
(80, '1175761', '4385 dve', 12, '2023-04-05 13:16:07', '2023-04-05 13:16:07'),
(81, '3743450', '2039 hqr', 12, '2023-04-05 13:16:07', '2023-04-05 13:16:07'),
(82, '7983675', '2056 flv', 12, '2023-04-05 13:16:07', '2023-04-05 13:16:07'),
(83, '6389842', '9427 onu', 12, '2023-04-05 13:16:07', '2023-04-05 13:16:07'),
(84, '4496876', '6041 min', 12, '2023-04-05 13:16:07', '2023-04-05 13:16:07'),
(85, '5274367', '7836 pgy', 12, '2023-04-05 13:16:07', '2023-04-05 13:16:07'),
(86, '1279450', '7475 slv', 12, '2023-04-05 13:16:07', '2023-04-05 13:16:07'),
(87, '1762366', '0948 fqx', 12, '2023-04-05 13:16:07', '2023-04-05 13:16:07'),
(88, '2921240', '9182 ttc', 12, '2023-04-05 13:16:07', '2023-04-05 13:16:07'),
(89, '3058369', '0917 qes', 12, '2023-04-05 13:16:07', '2023-04-05 13:16:07'),
(90, '2470846', '9617 hin', 12, '2023-04-05 13:16:08', '2023-04-05 13:16:08'),
(91, '4426460', '3382 rhh', 12, '2023-04-05 13:16:08', '2023-04-05 13:16:08'),
(92, '5736566', '6606 ttc', 12, '2023-04-05 13:16:08', '2023-04-05 13:16:08'),
(93, '7590426', '4848 ffd', 12, '2023-04-05 13:16:08', '2023-04-05 13:16:08'),
(94, '2236519', '6186 kss', 12, '2023-04-05 13:16:08', '2023-04-05 13:16:08'),
(95, '4339221', '2368 jrh', 12, '2023-04-05 13:16:08', '2023-04-05 13:16:08'),
(96, '4352103', '8200 yag', 12, '2023-04-05 13:16:08', '2023-04-05 13:16:08'),
(97, '4620638', '6245 uxm', 12, '2023-04-05 13:16:08', '2023-04-05 13:16:08'),
(98, '6968777', '9526 ehp', 12, '2023-04-05 13:16:08', '2023-04-05 13:16:08'),
(99, '1172867', '5338 xid', 12, '2023-04-05 13:16:08', '2023-04-05 13:16:08'),
(100, '6256198', '0327 pis', 12, '2023-04-05 13:16:08', '2023-04-05 13:16:08'),
(101, '4188093', '0505 vyo', 12, '2023-04-05 13:16:08', '2023-04-05 13:16:08'),
(102, '6859198', '3601 jwk', 12, '2023-04-05 13:16:08', '2023-04-05 13:16:08'),
(103, '5404078', '2863 tjn', 12, '2023-04-05 13:16:08', '2023-04-05 13:16:08'),
(104, '8276586', '9741 jkj', 12, '2023-04-05 13:16:08', '2023-04-05 13:16:08'),
(105, '2993402', '5651 zdr', 12, '2023-04-05 13:16:08', '2023-04-05 13:16:08'),
(106, '1998820', '1118 alb', 12, '2023-04-05 13:16:08', '2023-04-05 13:16:08'),
(107, '9081299', '5428 chi', 12, '2023-04-05 13:16:08', '2023-04-05 13:16:08'),
(108, '2746994', '3794 hom', 12, '2023-04-05 13:16:08', '2023-04-05 13:16:08'),
(109, '8108186', '2758 hoc', 12, '2023-04-05 13:16:08', '2023-04-05 13:16:08'),
(110, '7498490', '2819 agj', 12, '2023-04-05 13:16:08', '2023-04-05 13:16:08'),
(111, '4813558', '8106 crd', 12, '2023-04-05 13:16:09', '2023-04-05 13:16:09'),
(112, '2477054', '1186 kpo', 12, '2023-04-05 13:16:09', '2023-04-05 13:16:09'),
(113, '6898200', '5241 idw', 12, '2023-04-05 13:16:09', '2023-04-05 13:16:09'),
(114, '8631825', '6014 tsb', 12, '2023-04-05 13:16:09', '2023-04-05 13:16:09'),
(115, '4436642', '2618 zph', 12, '2023-04-05 13:16:09', '2023-04-05 13:16:09'),
(116, '3245279', '4618 gnh', 12, '2023-04-05 13:16:09', '2023-04-05 13:16:09'),
(117, '3558127', '4434 dzp', 12, '2023-04-05 13:16:09', '2023-04-05 13:16:09'),
(118, '9215136', '9193 wvp', 12, '2023-04-05 13:16:09', '2023-04-05 13:16:09'),
(119, '2487790', '9640 tgq', 12, '2023-04-05 13:16:09', '2023-04-05 13:16:09'),
(120, '3977165', '8379 pai', 12, '2023-04-05 13:16:09', '2023-04-05 13:16:09'),
(121, '1259576', '6344 sgj', 12, '2023-04-05 13:16:09', '2023-04-05 13:16:09'),
(122, '8936448', '4085 srt', 12, '2023-04-05 13:16:09', '2023-04-05 13:16:09'),
(123, '7580409', '8877 rta', 12, '2023-04-05 13:16:09', '2023-04-05 13:16:09'),
(124, '2019836', '5976 pvg', 12, '2023-04-05 13:16:09', '2023-04-05 13:16:09'),
(125, '8639370', '7123 uiy', 12, '2023-04-05 13:16:09', '2023-04-05 13:16:09'),
(126, '2530644', '8159 jja', 12, '2023-04-05 13:16:09', '2023-04-05 13:16:09'),
(127, '2127311', '4911 fle', 12, '2023-04-05 13:16:09', '2023-04-05 13:16:09'),
(128, '6023527', '1852 lbl', 12, '2023-04-05 13:16:09', '2023-04-05 13:16:09'),
(129, '5450093', '0746 wqz', 12, '2023-04-05 13:16:09', '2023-04-05 13:16:09'),
(130, '6307480', '2285 qwi', 12, '2023-04-05 13:16:09', '2023-04-05 13:16:09'),
(131, '9768135', '7759 bjh', 12, '2023-04-05 13:16:09', '2023-04-05 13:16:09'),
(132, '5652105', '2223 lng', 12, '2023-04-05 13:16:10', '2023-04-05 13:16:10'),
(133, '7687105', '9848 ipw', 12, '2023-04-05 13:16:10', '2023-04-05 13:16:10'),
(134, '1198343', '0247 pvd', 12, '2023-04-05 13:16:10', '2023-04-05 13:16:10'),
(135, '2240195', '9440 mgy', 12, '2023-04-05 13:16:10', '2023-04-05 13:16:10'),
(136, '5931290', '7962 amn', 12, '2023-04-05 13:16:10', '2023-04-05 13:16:10'),
(137, '4075675', '4766 pag', 12, '2023-04-05 13:16:10', '2023-04-05 13:16:10'),
(138, '1840592', '7773 wpb', 12, '2023-04-05 13:16:10', '2023-04-05 13:16:10'),
(139, '4778576', '7739 abx', 12, '2023-04-05 13:16:10', '2023-04-05 13:16:10'),
(140, '4301482', '2362 kit', 12, '2023-04-05 13:16:10', '2023-04-05 13:16:10'),
(141, '3507762', '8790 pme', 12, '2023-04-05 13:16:10', '2023-04-05 13:16:10'),
(142, '2349636', '6047 hqj', 12, '2023-04-05 13:16:10', '2023-04-05 13:16:10'),
(143, '9771340', '6225 fck', 12, '2023-04-05 13:16:10', '2023-04-05 13:16:10'),
(144, '7590750', '6829 uln', 12, '2023-04-05 13:16:10', '2023-04-05 13:16:10'),
(145, '2743458', '9445 bjx', 12, '2023-04-05 13:16:10', '2023-04-05 13:16:10'),
(146, '1665814', '1779 mel', 12, '2023-04-05 13:16:10', '2023-04-05 13:16:10'),
(147, '8000595', '2305 rdj', 12, '2023-04-05 13:16:10', '2023-04-05 13:16:10'),
(148, '7645123', '6002 eas', 12, '2023-04-05 13:16:10', '2023-04-05 13:16:10'),
(149, '8266703', '2205 dzz', 12, '2023-04-05 13:16:10', '2023-04-05 13:16:10'),
(150, '9649356', '4854 ulj', 12, '2023-04-05 13:16:10', '2023-04-05 13:16:10'),
(151, '8940835', '6343 pnb', 12, '2023-04-05 13:16:10', '2023-04-05 13:16:10'),
(152, '1170118', '0342 khj', 12, '2023-04-05 13:16:10', '2023-04-05 13:16:10'),
(153, '8357568', '2402 xas', 12, '2023-04-05 13:16:10', '2023-04-05 13:16:10'),
(154, '9401531', '5462 gxu', 12, '2023-04-05 13:16:10', '2023-04-05 13:16:10'),
(155, '8102997', '1477 zge', 12, '2023-04-05 13:16:11', '2023-04-05 13:16:11'),
(156, '6554701', '1391 yjf', 12, '2023-04-05 13:16:11', '2023-04-05 13:16:11'),
(157, '3145799', '5906 fmh', 12, '2023-04-05 13:16:11', '2023-04-05 13:16:11'),
(158, '9173035', '1526 ycn', 12, '2023-04-05 13:16:11', '2023-04-05 13:16:11'),
(159, '5988793', '8950 euq', 12, '2023-04-05 13:16:11', '2023-04-05 13:16:11'),
(160, '1412675', '7118 vzc', 12, '2023-04-05 13:16:11', '2023-04-05 13:16:11'),
(161, '9946856', '7754 klj', 12, '2023-04-05 13:16:11', '2023-04-05 13:16:11'),
(162, '3906749', '9196 mzg', 12, '2023-04-05 13:16:11', '2023-04-05 13:16:11'),
(163, '2796142', '5043 xmo', 12, '2023-04-05 13:16:11', '2023-04-05 13:16:11'),
(164, '5675404', '2407 uwv', 12, '2023-04-05 13:16:11', '2023-04-05 13:16:11'),
(165, '4948826', '6777 ubq', 12, '2023-04-05 13:16:11', '2023-04-05 13:16:11'),
(166, '7861197', '1079 acq', 12, '2023-04-05 13:16:11', '2023-04-05 13:16:11'),
(167, '4277297', '8960 ivk', 12, '2023-04-05 13:16:11', '2023-04-05 13:16:11'),
(168, '6889515', '1856 ikw', 12, '2023-04-05 13:16:11', '2023-04-05 13:16:11'),
(169, '2988459', '1862 bby', 12, '2023-04-05 13:16:11', '2023-04-05 13:16:11'),
(170, '2521549', '1795 paw', 12, '2023-04-05 13:16:11', '2023-04-05 13:16:11'),
(171, '5453381', '5012 wns', 12, '2023-04-05 13:16:11', '2023-04-05 13:16:11'),
(172, '9571375', '7515 ark', 12, '2023-04-05 13:16:11', '2023-04-05 13:16:11'),
(173, '7009616', '0041 eex', 12, '2023-04-05 13:16:12', '2023-04-05 13:16:12'),
(174, '2558189', '3673 dqi', 12, '2023-04-05 13:16:12', '2023-04-05 13:16:12'),
(175, '6143724', '0503 cgj', 12, '2023-04-05 13:16:12', '2023-04-05 13:16:12'),
(176, '6995824', '4788 val', 12, '2023-04-05 13:16:12', '2023-04-05 13:16:12'),
(177, '8777496', '9748 kun', 12, '2023-04-05 13:16:12', '2023-04-05 13:16:12'),
(178, '3776323', '6439 hgi', 12, '2023-04-05 13:16:12', '2023-04-05 13:16:12'),
(179, '9241121', '8004 kuy', 12, '2023-04-05 13:16:12', '2023-04-05 13:16:12'),
(180, '8088608', '5549 hxy', 12, '2023-04-05 13:16:12', '2023-04-05 13:16:12'),
(181, '6154840', '3136 ymn', 12, '2023-04-05 13:16:12', '2023-04-05 13:16:12'),
(182, '6810073', '4291 xye', 12, '2023-04-05 13:16:12', '2023-04-05 13:16:12'),
(183, '5599739', '1217 dlq', 12, '2023-04-05 13:16:12', '2023-04-05 13:16:12'),
(184, '4684577', '8018 znf', 12, '2023-04-05 13:16:12', '2023-04-05 13:16:12'),
(185, '5961335', '8554 stj', 12, '2023-04-05 13:16:12', '2023-04-05 13:16:12'),
(186, '5405770', '3224 ych', 12, '2023-04-05 13:16:12', '2023-04-05 13:16:12'),
(187, '4752109', '2640 emb', 12, '2023-04-05 13:16:12', '2023-04-05 13:16:12'),
(188, '5625192', '2454 hhj', 12, '2023-04-05 13:16:12', '2023-04-05 13:16:12'),
(189, '3826096', '1011 qdt', 12, '2023-04-05 13:16:12', '2023-04-05 13:16:12'),
(190, '5800943', '5700 ein', 12, '2023-04-05 13:16:12', '2023-04-05 13:16:12');

-- --------------------------------------------------------

--
-- Table structure for table `failed_jobs`
--

CREATE TABLE `failed_jobs` (
  `id` bigint UNSIGNED NOT NULL,
  `uuid` varchar(255) COLLATE utf8mb4_unicode_ci NOT NULL,
  `connection` text COLLATE utf8mb4_unicode_ci NOT NULL,
  `queue` text COLLATE utf8mb4_unicode_ci NOT NULL,
  `payload` longtext COLLATE utf8mb4_unicode_ci NOT NULL,
  `exception` longtext COLLATE utf8mb4_unicode_ci NOT NULL,
  `failed_at` timestamp NOT NULL DEFAULT CURRENT_TIMESTAMP
) ENGINE=InnoDB DEFAULT CHARSET=utf8mb4 COLLATE=utf8mb4_unicode_ci;

-- --------------------------------------------------------

--
-- Table structure for table `governrates`
--

CREATE TABLE `governrates` (
  `id` bigint UNSIGNED NOT NULL,
  `name` varchar(255) COLLATE utf8mb4_unicode_ci NOT NULL,
  `code` varchar(255) COLLATE utf8mb4_unicode_ci NOT NULL,
  `created_at` timestamp NULL DEFAULT NULL,
  `updated_at` timestamp NULL DEFAULT NULL
) ENGINE=InnoDB DEFAULT CHARSET=utf8mb4 COLLATE=utf8mb4_unicode_ci;

--
-- Dumping data for table `governrates`
--

INSERT INTO `governrates` (`id`, `name`, `code`, `created_at`, `updated_at`) VALUES
(1, 'Alexandria', 'alexandria', '2023-04-05 13:16:03', '2023-04-05 13:16:03'),
(2, 'Assiut', 'assiut', '2023-04-05 13:16:03', '2023-04-05 13:16:03'),
(3, 'Aswan', 'aswan', '2023-04-05 13:16:03', '2023-04-05 13:16:03'),
(4, 'Beheira', 'beheira', '2023-04-05 13:16:03', '2023-04-05 13:16:03'),
(5, 'Bani Suef', 'bani_suef', '2023-04-05 13:16:03', '2023-04-05 13:16:03'),
(6, 'Cairo', 'cairo', '2023-04-05 13:16:03', '2023-04-05 13:16:03'),
(7, 'Daqahliya', 'daqahliya', '2023-04-05 13:16:03', '2023-04-05 13:16:03'),
(8, 'Damietta', 'damietta', '2023-04-05 13:16:03', '2023-04-05 13:16:03'),
(9, 'Fayyoum', 'fayyoum', '2023-04-05 13:16:03', '2023-04-05 13:16:03'),
(10, 'Gharbiya', 'gharbiya', '2023-04-05 13:16:03', '2023-04-05 13:16:03'),
(11, 'Giza', 'giza', '2023-04-05 13:16:03', '2023-04-05 13:16:03'),
(12, 'Helwan', 'helwan', '2023-04-05 13:16:03', '2023-04-05 13:16:03'),
(13, 'Ismailia', 'ismailia', '2023-04-05 13:16:03', '2023-04-05 13:16:03'),
(14, 'Kafr El Sheikh', 'kafr_el_sheikh', '2023-04-05 13:16:03', '2023-04-05 13:16:03'),
(15, 'Luxor', 'luxor', '2023-04-05 13:16:03', '2023-04-05 13:16:03'),
(16, 'Marsa Matrouh', 'marsa_matrouh', '2023-04-05 13:16:03', '2023-04-05 13:16:03'),
(17, 'Minya', 'minya', '2023-04-05 13:16:03', '2023-04-05 13:16:03'),
(18, 'Monofiya', 'monofiya', '2023-04-05 13:16:03', '2023-04-05 13:16:03'),
(19, 'New Valley', 'new_valley', '2023-04-05 13:16:03', '2023-04-05 13:16:03'),
(20, 'North Sinai', 'north_sinai', '2023-04-05 13:16:03', '2023-04-05 13:16:03'),
(21, 'Port Said', 'port_said', '2023-04-05 13:16:03', '2023-04-05 13:16:03'),
(22, 'Qalioubiya', 'qalioubiya', '2023-04-05 13:16:03', '2023-04-05 13:16:03'),
(23, 'Qena', 'qena', '2023-04-05 13:16:03', '2023-04-05 13:16:03'),
(24, 'Red Sea', 'red_sea', '2023-04-05 13:16:03', '2023-04-05 13:16:03'),
(25, 'Sharqiya', 'sharqiya', '2023-04-05 13:16:03', '2023-04-05 13:16:03'),
(26, 'Sohag', 'sohag', '2023-04-05 13:16:03', '2023-04-05 13:16:03'),
(27, 'South Sinai', 'south_sinai', '2023-04-05 13:16:03', '2023-04-05 13:16:03'),
(28, 'Suez', 'suez', '2023-04-05 13:16:03', '2023-04-05 13:16:03'),
(29, 'Tanta', 'tanta', '2023-04-05 13:16:03', '2023-04-05 13:16:03');

-- --------------------------------------------------------

--
-- Table structure for table `migrations`
--

CREATE TABLE `migrations` (
  `id` int UNSIGNED NOT NULL,
  `migration` varchar(255) COLLATE utf8mb4_unicode_ci NOT NULL,
  `batch` int NOT NULL
) ENGINE=InnoDB DEFAULT CHARSET=utf8mb4 COLLATE=utf8mb4_unicode_ci;

--
-- Dumping data for table `migrations`
--

INSERT INTO `migrations` (`id`, `migration`, `batch`) VALUES
(1, '2014_10_12_000000_create_users_table', 1),
(2, '2014_10_12_100000_create_password_reset_tokens_table', 1),
(3, '2019_08_19_000000_create_failed_jobs_table', 1),
(4, '2019_12_14_000001_create_personal_access_tokens_table', 1),
(5, '2023_04_03_055708_create_admins_table', 1),
(6, '2023_04_03_095806_create_governrates_table', 1),
(7, '2023_04_03_100840_create_buses_table', 1),
(8, '2023_04_03_100914_create_trips_table', 1),
(9, '2023_04_03_105744_create_seats_table', 1),
(10, '2023_04_03_113123_create_stations_table', 1),
(11, '2023_04_03_114148_create_reservations_table', 1);

-- --------------------------------------------------------

--
-- Table structure for table `password_reset_tokens`
--

CREATE TABLE `password_reset_tokens` (
  `email` varchar(255) COLLATE utf8mb4_unicode_ci NOT NULL,
  `token` varchar(255) COLLATE utf8mb4_unicode_ci NOT NULL,
  `created_at` timestamp NULL DEFAULT NULL
) ENGINE=InnoDB DEFAULT CHARSET=utf8mb4 COLLATE=utf8mb4_unicode_ci;

-- --------------------------------------------------------

--
-- Table structure for table `personal_access_tokens`
--

CREATE TABLE `personal_access_tokens` (
  `id` bigint UNSIGNED NOT NULL,
  `tokenable_type` varchar(255) COLLATE utf8mb4_unicode_ci NOT NULL,
  `tokenable_id` bigint UNSIGNED NOT NULL,
  `name` varchar(255) COLLATE utf8mb4_unicode_ci NOT NULL,
  `token` varchar(64) COLLATE utf8mb4_unicode_ci NOT NULL,
  `abilities` text COLLATE utf8mb4_unicode_ci,
  `last_used_at` timestamp NULL DEFAULT NULL,
  `expires_at` timestamp NULL DEFAULT NULL,
  `created_at` timestamp NULL DEFAULT NULL,
  `updated_at` timestamp NULL DEFAULT NULL
) ENGINE=InnoDB DEFAULT CHARSET=utf8mb4 COLLATE=utf8mb4_unicode_ci;

--
-- Dumping data for table `personal_access_tokens`
--

INSERT INTO `personal_access_tokens` (`id`, `tokenable_type`, `tokenable_id`, `name`, `token`, `abilities`, `last_used_at`, `expires_at`, `created_at`, `updated_at`) VALUES
(1, 'App\\Models\\Admin', 1, 'API TOKEN', '018d60a4690c75d207f5d176a9b64c4a6b6cd724934633db0cdad00ad97be600', '[\"*\"]', '2023-04-05 13:16:49', NULL, '2023-04-05 13:16:37', '2023-04-05 13:16:49');

-- --------------------------------------------------------

--
-- Table structure for table `reservations`
--

CREATE TABLE `reservations` (
  `id` bigint UNSIGNED NOT NULL,
  `amount` double(8,2) NOT NULL,
  `status` tinyint NOT NULL DEFAULT '0',
  `notes` text COLLATE utf8mb4_unicode_ci NOT NULL,
  `trip_id` bigint UNSIGNED NOT NULL,
  `from_station_id` bigint UNSIGNED DEFAULT NULL,
  `to_station_id` bigint UNSIGNED DEFAULT NULL,
  `user_id` bigint UNSIGNED NOT NULL,
  `seat_id` bigint UNSIGNED NOT NULL,
  `created_at` timestamp NULL DEFAULT NULL,
  `updated_at` timestamp NULL DEFAULT NULL
) ENGINE=InnoDB DEFAULT CHARSET=utf8mb4 COLLATE=utf8mb4_unicode_ci;

--
-- Dumping data for table `reservations`
--

INSERT INTO `reservations` (`id`, `amount`, `status`, `notes`, `trip_id`, `from_station_id`, `to_station_id`, `user_id`, `seat_id`, `created_at`, `updated_at`) VALUES
(1, 6.00, 0, 'Voluptatem id et rerum voluptatem odit consequuntur dolor quis.', 1, 1, 1, 1, 2, '2023-04-05 13:16:04', '2023-04-05 13:16:04'),
(2, 93.00, 1, 'Corporis sit enim sint pariatur in id dolorum illum.', 1, 1, 1, 2, 5, '2023-04-05 13:16:04', '2023-04-05 13:16:04'),
(3, 65.00, 1, 'Ipsum nesciunt praesentium non blanditiis totam sit.', 1, 1, 1, 3, 10, '2023-04-05 13:16:04', '2023-04-05 13:16:04'),
(4, 82.00, 0, 'Ad iure quis officia eius.', 1, 1, 1, 4, 7, '2023-04-05 13:16:04', '2023-04-05 13:16:04'),
(5, 364.00, 1, 'Consequatur debitis natus inventore cupiditate quis placeat.', 1, 1, 1, 5, 4, '2023-04-05 13:16:04', '2023-04-05 13:16:04'),
(6, 56.00, 1, 'Ut molestias ea illum aliquid nulla reprehenderit sint.', 1, 1, 1, 6, 7, '2023-04-05 13:16:04', '2023-04-05 13:16:04'),
(7, 736.00, 1, 'Doloremque tempora sit nulla dolore aut non.', 20, 23, 27, 1, 12, '2023-04-05 13:16:05', '2023-04-05 13:16:05'),
(8, 774.00, 3, 'Porro enim sit quas ut fugit illum velit unde.', 20, 23, 27, 7, 21, '2023-04-05 13:16:05', '2023-04-05 13:16:05'),
(9, 222.00, 0, 'Praesentium minima animi eum rerum.', 20, 23, 27, 8, 24, '2023-04-05 13:16:05', '2023-04-05 13:16:05'),
(10, 44.00, 1, 'Quam dolor ullam qui quo.', 20, 23, 27, 9, 5, '2023-04-05 13:16:05', '2023-04-05 13:16:05'),
(11, 644.00, 3, 'Esse modi eligendi in.', 20, 23, 27, 10, 18, '2023-04-05 13:16:05', '2023-04-05 13:16:05'),
(12, 451.00, 4, 'Explicabo dicta facilis tempore explicabo qui aut voluptas et.', 20, 23, 27, 11, 4, '2023-04-05 13:16:05', '2023-04-05 13:16:05'),
(13, 109.00, 4, 'Omnis ad non eius iure minus.', 39, 50, 51, 1, 19, '2023-04-05 13:16:05', '2023-04-05 13:16:05'),
(14, 575.00, 2, 'Ipsa ea quia odio fuga ipsam.', 39, 50, 51, 12, 26, '2023-04-05 13:16:06', '2023-04-05 13:16:06'),
(15, 319.00, 3, 'Sunt in eum odio ut voluptate modi eos et.', 39, 50, 51, 13, 7, '2023-04-05 13:16:06', '2023-04-05 13:16:06'),
(16, 1.00, 0, 'Excepturi et repellendus laboriosam debitis.', 39, 50, 51, 14, 6, '2023-04-05 13:16:06', '2023-04-05 13:16:06'),
(17, 152.00, 0, 'Culpa provident illo vero sint illo sed et dicta.', 39, 50, 51, 15, 13, '2023-04-05 13:16:06', '2023-04-05 13:16:06'),
(18, 709.00, 3, 'Sed temporibus eum ab et sapiente et.', 39, 50, 51, 16, 1, '2023-04-05 13:16:06', '2023-04-05 13:16:06'),
(19, 179.00, 0, 'Harum molestiae quisquam repudiandae velit non.', 58, 70, 73, 1, 39, '2023-04-05 13:16:06', '2023-04-05 13:16:06'),
(20, 421.00, 0, 'Facere numquam accusantium ut tempora commodi dolores nihil.', 58, 70, 73, 17, 27, '2023-04-05 13:16:07', '2023-04-05 13:16:07'),
(21, 229.00, 1, 'Saepe enim facere corrupti facere.', 58, 70, 73, 18, 15, '2023-04-05 13:16:07', '2023-04-05 13:16:07'),
(22, 657.00, 2, 'Minima architecto non dolor voluptates saepe dolores non laudantium.', 58, 70, 73, 19, 28, '2023-04-05 13:16:07', '2023-04-05 13:16:07'),
(23, 104.00, 0, 'Accusamus qui sit illum voluptate quos nisi.', 58, 70, 73, 20, 43, '2023-04-05 13:16:07', '2023-04-05 13:16:07'),
(24, 468.00, 1, 'Iste impedit ipsum optio aut eveniet.', 58, 70, 73, 21, 17, '2023-04-05 13:16:07', '2023-04-05 13:16:07'),
(25, 958.00, 3, 'Molestiae necessitatibus quos necessitatibus libero aspernatur quis.', 77, 93, 95, 1, 28, '2023-04-05 13:16:07', '2023-04-05 13:16:07'),
(26, 417.00, 2, 'Aut in neque deleniti velit ut magni.', 77, 93, 95, 22, 43, '2023-04-05 13:16:07', '2023-04-05 13:16:07'),
(27, 650.00, 3, 'Quaerat quidem nihil optio commodi.', 77, 93, 95, 23, 26, '2023-04-05 13:16:08', '2023-04-05 13:16:08'),
(28, 40.00, 2, 'Commodi rerum cumque est eum a.', 77, 93, 95, 24, 16, '2023-04-05 13:16:08', '2023-04-05 13:16:08'),
(29, 504.00, 3, 'Ipsum molestiae dignissimos eum rerum perspiciatis a.', 77, 93, 95, 25, 15, '2023-04-05 13:16:08', '2023-04-05 13:16:08'),
(30, 962.00, 1, 'Magnam est a ipsam beatae eius in eaque.', 77, 93, 95, 26, 5, '2023-04-05 13:16:08', '2023-04-05 13:16:08'),
(31, 276.00, 2, 'Laudantium velit asperiores corrupti excepturi.', 96, 118, 118, 1, 56, '2023-04-05 13:16:08', '2023-04-05 13:16:08'),
(32, 896.00, 1, 'Debitis minus aut culpa.', 96, 118, 118, 27, 56, '2023-04-05 13:16:08', '2023-04-05 13:16:08'),
(33, 186.00, 2, 'A dolore atque pariatur aliquam natus occaecati laborum.', 96, 118, 118, 28, 70, '2023-04-05 13:16:08', '2023-04-05 13:16:08'),
(34, 73.00, 4, 'Nobis vero quo ut et.', 96, 118, 118, 29, 72, '2023-04-05 13:16:09', '2023-04-05 13:16:09'),
(35, 119.00, 2, 'Perferendis ea saepe ut.', 96, 118, 118, 30, 47, '2023-04-05 13:16:09', '2023-04-05 13:16:09'),
(36, 539.00, 0, 'Mollitia eaque asperiores ea.', 96, 118, 118, 31, 64, '2023-04-05 13:16:09', '2023-04-05 13:16:09'),
(37, 549.00, 0, 'Odit cum voluptate asperiores perspiciatis.', 115, 141, 143, 1, 13, '2023-04-05 13:16:09', '2023-04-05 13:16:09'),
(38, 390.00, 3, 'Dolor earum animi velit amet dolores voluptatem.', 115, 141, 143, 32, 28, '2023-04-05 13:16:09', '2023-04-05 13:16:09'),
(39, 528.00, 4, 'Qui sequi et laboriosam enim et.', 115, 141, 143, 33, 3, '2023-04-05 13:16:09', '2023-04-05 13:16:09'),
(40, 676.00, 3, 'Qui et illo voluptatibus.', 115, 141, 143, 34, 82, '2023-04-05 13:16:09', '2023-04-05 13:16:09'),
(41, 211.00, 0, 'Distinctio distinctio aspernatur voluptatibus vitae earum sapiente.', 115, 141, 143, 35, 56, '2023-04-05 13:16:10', '2023-04-05 13:16:10'),
(42, 65.00, 2, 'Quo dolore occaecati quaerat assumenda commodi.', 115, 141, 143, 36, 23, '2023-04-05 13:16:10', '2023-04-05 13:16:10'),
(43, 451.00, 2, 'Tempora et eaque cupiditate maxime eos consectetur id.', 134, 162, 162, 1, 60, '2023-04-05 13:16:10', '2023-04-05 13:16:10'),
(44, 110.00, 0, 'Recusandae autem assumenda iusto quis.', 134, 162, 162, 37, 3, '2023-04-05 13:16:10', '2023-04-05 13:16:10'),
(45, 28.00, 4, 'In neque quasi eos atque blanditiis quia.', 134, 162, 162, 38, 47, '2023-04-05 13:16:10', '2023-04-05 13:16:10'),
(46, 685.00, 1, 'Consequatur eum rerum suscipit ab.', 134, 162, 162, 39, 17, '2023-04-05 13:16:10', '2023-04-05 13:16:10'),
(47, 533.00, 4, 'Numquam vero est in eveniet minima sed.', 134, 162, 162, 40, 50, '2023-04-05 13:16:10', '2023-04-05 13:16:10'),
(48, 471.00, 2, 'Voluptatibus aliquid ullam voluptatem qui ipsa.', 134, 162, 162, 41, 13, '2023-04-05 13:16:11', '2023-04-05 13:16:11'),
(49, 780.00, 3, 'Fugit consequuntur explicabo eos quisquam ex.', 153, 182, 185, 1, 47, '2023-04-05 13:16:11', '2023-04-05 13:16:11'),
(50, 395.00, 3, 'Velit quasi culpa quis fuga laudantium.', 153, 182, 185, 42, 106, '2023-04-05 13:16:11', '2023-04-05 13:16:11'),
(51, 618.00, 2, 'Praesentium libero nulla est.', 153, 182, 185, 43, 82, '2023-04-05 13:16:11', '2023-04-05 13:16:11'),
(52, 700.00, 1, 'Provident voluptatem magni quasi.', 153, 182, 185, 44, 73, '2023-04-05 13:16:11', '2023-04-05 13:16:11'),
(53, 157.00, 4, 'Nam aut doloribus nulla ut consequatur reprehenderit magnam.', 153, 182, 185, 45, 68, '2023-04-05 13:16:11', '2023-04-05 13:16:11'),
(54, 429.00, 0, 'Iusto molestiae ratione quas quia quia.', 153, 182, 185, 46, 84, '2023-04-05 13:16:11', '2023-04-05 13:16:11'),
(55, 681.00, 3, 'Perferendis blanditiis omnis numquam eaque quo enim labore.', 172, 204, 204, 1, 119, '2023-04-05 13:16:12', '2023-04-05 13:16:12'),
(56, 329.00, 3, 'Aspernatur qui ut consequatur velit eum.', 172, 204, 204, 47, 9, '2023-04-05 13:16:12', '2023-04-05 13:16:12'),
(57, 812.00, 3, 'Voluptas id eligendi non aut autem inventore consequuntur.', 172, 204, 204, 48, 99, '2023-04-05 13:16:12', '2023-04-05 13:16:12'),
(58, 453.00, 4, 'Minima dolorem rerum magnam facere reiciendis odit sapiente.', 172, 204, 204, 49, 31, '2023-04-05 13:16:12', '2023-04-05 13:16:12'),
(59, 916.00, 3, 'Odio et consequatur asperiores incidunt perspiciatis.', 172, 204, 204, 50, 73, '2023-04-05 13:16:12', '2023-04-05 13:16:12'),
(60, 638.00, 2, 'Non illum animi ipsam et saepe iure.', 172, 204, 204, 51, 83, '2023-04-05 13:16:12', '2023-04-05 13:16:12');

-- --------------------------------------------------------

--
-- Table structure for table `seats`
--

CREATE TABLE `seats` (
  `id` bigint UNSIGNED NOT NULL,
  `number` varchar(255) COLLATE utf8mb4_unicode_ci NOT NULL,
  `order` tinyint NOT NULL,
  `bus_id` bigint UNSIGNED NOT NULL,
  `created_at` timestamp NULL DEFAULT NULL,
  `updated_at` timestamp NULL DEFAULT NULL
) ENGINE=InnoDB DEFAULT CHARSET=utf8mb4 COLLATE=utf8mb4_unicode_ci;

--
-- Dumping data for table `seats`
--

INSERT INTO `seats` (`id`, `number`, `order`, `bus_id`, `created_at`, `updated_at`) VALUES
(1, 'b0', 0, 1, '2023-04-05 13:16:03', '2023-04-05 13:16:03'),
(2, 'b1', 1, 1, '2023-04-05 13:16:03', '2023-04-05 13:16:03'),
(3, 'a2', 2, 1, '2023-04-05 13:16:03', '2023-04-05 13:16:03'),
(4, 'a3', 3, 1, '2023-04-05 13:16:03', '2023-04-05 13:16:03'),
(5, 'a4', 4, 1, '2023-04-05 13:16:03', '2023-04-05 13:16:03'),
(6, 'a5', 5, 1, '2023-04-05 13:16:03', '2023-04-05 13:16:03'),
(7, 'b6', 6, 1, '2023-04-05 13:16:03', '2023-04-05 13:16:04'),
(8, 'a7', 7, 1, '2023-04-05 13:16:03', '2023-04-05 13:16:04'),
(9, 'a8', 8, 1, '2023-04-05 13:16:03', '2023-04-05 13:16:04'),
(10, 'b9', 9, 1, '2023-04-05 13:16:03', '2023-04-05 13:16:04'),
(11, 'a10', 10, 1, '2023-04-05 13:16:03', '2023-04-05 13:16:04'),
(12, 'a11', 11, 1, '2023-04-05 13:16:03', '2023-04-05 13:16:04'),
(13, 'b0', 0, 2, '2023-04-05 13:16:04', '2023-04-05 13:16:04'),
(14, 'a1', 1, 2, '2023-04-05 13:16:04', '2023-04-05 13:16:04'),
(15, 'a2', 2, 2, '2023-04-05 13:16:04', '2023-04-05 13:16:04'),
(16, 'b3', 3, 2, '2023-04-05 13:16:04', '2023-04-05 13:16:04'),
(17, 'b4', 4, 2, '2023-04-05 13:16:04', '2023-04-05 13:16:04'),
(18, 'b5', 5, 2, '2023-04-05 13:16:04', '2023-04-05 13:16:04'),
(19, 'a6', 6, 2, '2023-04-05 13:16:04', '2023-04-05 13:16:04'),
(20, 'b7', 7, 2, '2023-04-05 13:16:04', '2023-04-05 13:16:04'),
(21, 'a8', 8, 2, '2023-04-05 13:16:04', '2023-04-05 13:16:04'),
(22, 'b9', 9, 2, '2023-04-05 13:16:04', '2023-04-05 13:16:04'),
(23, 'b10', 10, 2, '2023-04-05 13:16:04', '2023-04-05 13:16:04'),
(24, 'a11', 11, 2, '2023-04-05 13:16:04', '2023-04-05 13:16:04'),
(25, 'a0', 0, 3, '2023-04-05 13:16:05', '2023-04-05 13:16:05'),
(26, 'b1', 1, 3, '2023-04-05 13:16:05', '2023-04-05 13:16:05'),
(27, 'b2', 2, 3, '2023-04-05 13:16:05', '2023-04-05 13:16:05'),
(28, 'a3', 3, 3, '2023-04-05 13:16:05', '2023-04-05 13:16:05'),
(29, 'b4', 4, 3, '2023-04-05 13:16:05', '2023-04-05 13:16:05'),
(30, 'b5', 5, 3, '2023-04-05 13:16:05', '2023-04-05 13:16:05'),
(31, 'b6', 6, 3, '2023-04-05 13:16:05', '2023-04-05 13:16:05'),
(32, 'a7', 7, 3, '2023-04-05 13:16:05', '2023-04-05 13:16:05'),
(33, 'b8', 8, 3, '2023-04-05 13:16:05', '2023-04-05 13:16:05'),
(34, 'a9', 9, 3, '2023-04-05 13:16:05', '2023-04-05 13:16:05'),
(35, 'a10', 10, 3, '2023-04-05 13:16:05', '2023-04-05 13:16:05'),
(36, 'b11', 11, 3, '2023-04-05 13:16:05', '2023-04-05 13:16:05'),
(37, 'b0', 0, 4, '2023-04-05 13:16:06', '2023-04-05 13:16:06'),
(38, 'a1', 1, 4, '2023-04-05 13:16:06', '2023-04-05 13:16:06'),
(39, 'b2', 2, 4, '2023-04-05 13:16:06', '2023-04-05 13:16:06'),
(40, 'a3', 3, 4, '2023-04-05 13:16:06', '2023-04-05 13:16:06'),
(41, 'a4', 4, 4, '2023-04-05 13:16:06', '2023-04-05 13:16:06'),
(42, 'a5', 5, 4, '2023-04-05 13:16:06', '2023-04-05 13:16:06'),
(43, 'b6', 6, 4, '2023-04-05 13:16:06', '2023-04-05 13:16:06'),
(44, 'a7', 7, 4, '2023-04-05 13:16:06', '2023-04-05 13:16:06'),
(45, 'a8', 8, 4, '2023-04-05 13:16:06', '2023-04-05 13:16:06'),
(46, 'b9', 9, 4, '2023-04-05 13:16:06', '2023-04-05 13:16:06'),
(47, 'a10', 10, 4, '2023-04-05 13:16:06', '2023-04-05 13:16:06'),
(48, 'b11', 11, 4, '2023-04-05 13:16:06', '2023-04-05 13:16:06'),
(49, 'b0', 0, 5, '2023-04-05 13:16:07', '2023-04-05 13:16:07'),
(50, 'a1', 1, 5, '2023-04-05 13:16:07', '2023-04-05 13:16:07'),
(51, 'b2', 2, 5, '2023-04-05 13:16:07', '2023-04-05 13:16:07'),
(52, 'a3', 3, 5, '2023-04-05 13:16:07', '2023-04-05 13:16:07'),
(53, 'b4', 4, 5, '2023-04-05 13:16:07', '2023-04-05 13:16:07'),
(54, 'a5', 5, 5, '2023-04-05 13:16:07', '2023-04-05 13:16:07'),
(55, 'a6', 6, 5, '2023-04-05 13:16:07', '2023-04-05 13:16:07'),
(56, 'b7', 7, 5, '2023-04-05 13:16:07', '2023-04-05 13:16:07'),
(57, 'b8', 8, 5, '2023-04-05 13:16:07', '2023-04-05 13:16:07'),
(58, 'b9', 9, 5, '2023-04-05 13:16:07', '2023-04-05 13:16:07'),
(59, 'a10', 10, 5, '2023-04-05 13:16:07', '2023-04-05 13:16:07'),
(60, 'a11', 11, 5, '2023-04-05 13:16:07', '2023-04-05 13:16:07'),
(61, 'b0', 0, 6, '2023-04-05 13:16:08', '2023-04-05 13:16:08'),
(62, 'a1', 1, 6, '2023-04-05 13:16:08', '2023-04-05 13:16:08'),
(63, 'b2', 2, 6, '2023-04-05 13:16:08', '2023-04-05 13:16:08'),
(64, 'b3', 3, 6, '2023-04-05 13:16:08', '2023-04-05 13:16:08'),
(65, 'b4', 4, 6, '2023-04-05 13:16:08', '2023-04-05 13:16:08'),
(66, 'b5', 5, 6, '2023-04-05 13:16:08', '2023-04-05 13:16:08'),
(67, 'a6', 6, 6, '2023-04-05 13:16:08', '2023-04-05 13:16:08'),
(68, 'b7', 7, 6, '2023-04-05 13:16:08', '2023-04-05 13:16:08'),
(69, 'a8', 8, 6, '2023-04-05 13:16:08', '2023-04-05 13:16:08'),
(70, 'a9', 9, 6, '2023-04-05 13:16:08', '2023-04-05 13:16:08'),
(71, 'b10', 10, 6, '2023-04-05 13:16:08', '2023-04-05 13:16:08'),
(72, 'b11', 11, 6, '2023-04-05 13:16:08', '2023-04-05 13:16:08'),
(73, 'b0', 0, 7, '2023-04-05 13:16:09', '2023-04-05 13:16:09'),
(74, 'a1', 1, 7, '2023-04-05 13:16:09', '2023-04-05 13:16:09'),
(75, 'a2', 2, 7, '2023-04-05 13:16:09', '2023-04-05 13:16:09'),
(76, 'b3', 3, 7, '2023-04-05 13:16:09', '2023-04-05 13:16:09'),
(77, 'a4', 4, 7, '2023-04-05 13:16:09', '2023-04-05 13:16:09'),
(78, 'b5', 5, 7, '2023-04-05 13:16:09', '2023-04-05 13:16:09'),
(79, 'b6', 6, 7, '2023-04-05 13:16:09', '2023-04-05 13:16:09'),
(80, 'a7', 7, 7, '2023-04-05 13:16:09', '2023-04-05 13:16:09'),
(81, 'a8', 8, 7, '2023-04-05 13:16:09', '2023-04-05 13:16:09'),
(82, 'a9', 9, 7, '2023-04-05 13:16:09', '2023-04-05 13:16:09'),
(83, 'b10', 10, 7, '2023-04-05 13:16:09', '2023-04-05 13:16:09'),
(84, 'a11', 11, 7, '2023-04-05 13:16:09', '2023-04-05 13:16:09'),
(85, 'a0', 0, 8, '2023-04-05 13:16:10', '2023-04-05 13:16:10'),
(86, 'a1', 1, 8, '2023-04-05 13:16:10', '2023-04-05 13:16:10'),
(87, 'a2', 2, 8, '2023-04-05 13:16:10', '2023-04-05 13:16:10'),
(88, 'b3', 3, 8, '2023-04-05 13:16:10', '2023-04-05 13:16:10'),
(89, 'a4', 4, 8, '2023-04-05 13:16:10', '2023-04-05 13:16:10'),
(90, 'b5', 5, 8, '2023-04-05 13:16:10', '2023-04-05 13:16:10'),
(91, 'a6', 6, 8, '2023-04-05 13:16:10', '2023-04-05 13:16:10'),
(92, 'b7', 7, 8, '2023-04-05 13:16:10', '2023-04-05 13:16:10'),
(93, 'b8', 8, 8, '2023-04-05 13:16:10', '2023-04-05 13:16:10'),
(94, 'a9', 9, 8, '2023-04-05 13:16:10', '2023-04-05 13:16:10'),
(95, 'a10', 10, 8, '2023-04-05 13:16:10', '2023-04-05 13:16:10'),
(96, 'b11', 11, 8, '2023-04-05 13:16:10', '2023-04-05 13:16:10'),
(97, 'b0', 0, 9, '2023-04-05 13:16:11', '2023-04-05 13:16:11'),
(98, 'a1', 1, 9, '2023-04-05 13:16:11', '2023-04-05 13:16:11'),
(99, 'a2', 2, 9, '2023-04-05 13:16:11', '2023-04-05 13:16:11'),
(100, 'a3', 3, 9, '2023-04-05 13:16:11', '2023-04-05 13:16:11'),
(101, 'b4', 4, 9, '2023-04-05 13:16:11', '2023-04-05 13:16:11'),
(102, 'a5', 5, 9, '2023-04-05 13:16:11', '2023-04-05 13:16:11'),
(103, 'a6', 6, 9, '2023-04-05 13:16:11', '2023-04-05 13:16:11'),
(104, 'b7', 7, 9, '2023-04-05 13:16:11', '2023-04-05 13:16:11'),
(105, 'a8', 8, 9, '2023-04-05 13:16:11', '2023-04-05 13:16:11'),
(106, 'b9', 9, 9, '2023-04-05 13:16:11', '2023-04-05 13:16:11'),
(107, 'b10', 10, 9, '2023-04-05 13:16:11', '2023-04-05 13:16:11'),
(108, 'b11', 11, 9, '2023-04-05 13:16:11', '2023-04-05 13:16:11'),
(109, 'b0', 0, 10, '2023-04-05 13:16:11', '2023-04-05 13:16:12'),
(110, 'b1', 1, 10, '2023-04-05 13:16:11', '2023-04-05 13:16:12'),
(111, 'b2', 2, 10, '2023-04-05 13:16:11', '2023-04-05 13:16:12'),
(112, 'a3', 3, 10, '2023-04-05 13:16:11', '2023-04-05 13:16:12'),
(113, 'a4', 4, 10, '2023-04-05 13:16:11', '2023-04-05 13:16:12'),
(114, 'a5', 5, 10, '2023-04-05 13:16:11', '2023-04-05 13:16:12'),
(115, 'a6', 6, 10, '2023-04-05 13:16:11', '2023-04-05 13:16:12'),
(116, 'b7', 7, 10, '2023-04-05 13:16:11', '2023-04-05 13:16:12'),
(117, 'a8', 8, 10, '2023-04-05 13:16:11', '2023-04-05 13:16:12'),
(118, 'b9', 9, 10, '2023-04-05 13:16:11', '2023-04-05 13:16:12'),
(119, 'a10', 10, 10, '2023-04-05 13:16:12', '2023-04-05 13:16:12'),
(120, 'b11', 11, 10, '2023-04-05 13:16:12', '2023-04-05 13:16:12');

-- --------------------------------------------------------

--
-- Table structure for table `stations`
--

CREATE TABLE `stations` (
  `id` bigint UNSIGNED NOT NULL,
  `estimated_time` int NOT NULL,
  `parent_id` bigint UNSIGNED DEFAULT NULL,
  `governrate_id` bigint UNSIGNED NOT NULL,
  `trip_id` bigint UNSIGNED NOT NULL,
  `created_at` timestamp NULL DEFAULT NULL,
  `updated_at` timestamp NULL DEFAULT NULL
) ENGINE=InnoDB DEFAULT CHARSET=utf8mb4 COLLATE=utf8mb4_unicode_ci;

--
-- Dumping data for table `stations`
--

INSERT INTO `stations` (`id`, `estimated_time`, `parent_id`, `governrate_id`, `trip_id`, `created_at`, `updated_at`) VALUES
(1, 31, NULL, 1, 1, '2023-04-05 13:16:04', '2023-04-05 13:16:04'),
(2, 42, 1, 2, 1, '2023-04-05 13:16:04', '2023-04-05 13:16:04'),
(3, 60, 2, 3, 1, '2023-04-05 13:16:04', '2023-04-05 13:16:04'),
(4, 25, 3, 4, 1, '2023-04-05 13:16:04', '2023-04-05 13:16:04'),
(5, 68, NULL, 11, 2, '2023-04-05 13:16:04', '2023-04-05 13:16:04'),
(6, 68, 5, 11, 3, '2023-04-05 13:16:04', '2023-04-05 13:16:04'),
(7, 20, NULL, 27, 4, '2023-04-05 13:16:04', '2023-04-05 13:16:04'),
(8, 69, NULL, 10, 5, '2023-04-05 13:16:04', '2023-04-05 13:16:04'),
(9, 69, 8, 10, 6, '2023-04-05 13:16:04', '2023-04-05 13:16:04'),
(10, 86, NULL, 10, 7, '2023-04-05 13:16:04', '2023-04-05 13:16:04'),
(11, 92, NULL, 18, 8, '2023-04-05 13:16:04', '2023-04-05 13:16:04'),
(12, 92, 11, 18, 9, '2023-04-05 13:16:04', '2023-04-05 13:16:04'),
(13, 83, NULL, 23, 10, '2023-04-05 13:16:04', '2023-04-05 13:16:04'),
(14, 61, NULL, 8, 11, '2023-04-05 13:16:04', '2023-04-05 13:16:04'),
(15, 61, 14, 8, 12, '2023-04-05 13:16:04', '2023-04-05 13:16:04'),
(16, 4, NULL, 25, 13, '2023-04-05 13:16:04', '2023-04-05 13:16:04'),
(17, 77, NULL, 6, 14, '2023-04-05 13:16:04', '2023-04-05 13:16:04'),
(18, 77, 17, 6, 15, '2023-04-05 13:16:04', '2023-04-05 13:16:04'),
(19, 10, NULL, 10, 16, '2023-04-05 13:16:04', '2023-04-05 13:16:04'),
(20, 39, NULL, 20, 17, '2023-04-05 13:16:04', '2023-04-05 13:16:04'),
(21, 39, 20, 20, 18, '2023-04-05 13:16:04', '2023-04-05 13:16:04'),
(22, 92, NULL, 19, 19, '2023-04-05 13:16:04', '2023-04-05 13:16:04'),
(23, 48, NULL, 1, 20, '2023-04-05 13:16:04', '2023-04-05 13:16:04'),
(24, 68, 23, 2, 20, '2023-04-05 13:16:04', '2023-04-05 13:16:04'),
(25, 39, 24, 3, 20, '2023-04-05 13:16:04', '2023-04-05 13:16:04'),
(26, 60, 25, 4, 20, '2023-04-05 13:16:04', '2023-04-05 13:16:04'),
(27, 15, 26, 5, 20, '2023-04-05 13:16:04', '2023-04-05 13:16:04'),
(28, 73, NULL, 12, 21, '2023-04-05 13:16:04', '2023-04-05 13:16:04'),
(29, 73, 28, 12, 22, '2023-04-05 13:16:04', '2023-04-05 13:16:04'),
(30, 27, NULL, 18, 23, '2023-04-05 13:16:05', '2023-04-05 13:16:05'),
(31, 59, NULL, 27, 24, '2023-04-05 13:16:05', '2023-04-05 13:16:05'),
(32, 59, 31, 27, 25, '2023-04-05 13:16:05', '2023-04-05 13:16:05'),
(33, 74, NULL, 17, 26, '2023-04-05 13:16:05', '2023-04-05 13:16:05'),
(34, 1, NULL, 25, 27, '2023-04-05 13:16:05', '2023-04-05 13:16:05'),
(35, 1, 34, 25, 28, '2023-04-05 13:16:05', '2023-04-05 13:16:05'),
(36, 31, NULL, 7, 29, '2023-04-05 13:16:05', '2023-04-05 13:16:05'),
(37, 31, NULL, 24, 30, '2023-04-05 13:16:05', '2023-04-05 13:16:05'),
(38, 31, 37, 24, 31, '2023-04-05 13:16:05', '2023-04-05 13:16:05'),
(39, 31, NULL, 18, 32, '2023-04-05 13:16:05', '2023-04-05 13:16:05'),
(40, 93, NULL, 7, 33, '2023-04-05 13:16:05', '2023-04-05 13:16:05'),
(41, 93, 40, 7, 34, '2023-04-05 13:16:05', '2023-04-05 13:16:05'),
(42, 21, NULL, 10, 35, '2023-04-05 13:16:05', '2023-04-05 13:16:05'),
(43, 26, NULL, 24, 36, '2023-04-05 13:16:05', '2023-04-05 13:16:05'),
(44, 26, 43, 24, 37, '2023-04-05 13:16:05', '2023-04-05 13:16:05'),
(45, 50, NULL, 19, 38, '2023-04-05 13:16:05', '2023-04-05 13:16:05'),
(46, 25, NULL, 1, 39, '2023-04-05 13:16:05', '2023-04-05 13:16:05'),
(47, 11, 46, 2, 39, '2023-04-05 13:16:05', '2023-04-05 13:16:05'),
(48, 21, 47, 3, 39, '2023-04-05 13:16:05', '2023-04-05 13:16:05'),
(49, 72, 48, 4, 39, '2023-04-05 13:16:05', '2023-04-05 13:16:05'),
(50, 68, 49, 5, 39, '2023-04-05 13:16:05', '2023-04-05 13:16:05'),
(51, 82, 50, 6, 39, '2023-04-05 13:16:05', '2023-04-05 13:16:05'),
(52, 55, NULL, 21, 40, '2023-04-05 13:16:05', '2023-04-05 13:16:05'),
(53, 55, 52, 21, 41, '2023-04-05 13:16:05', '2023-04-05 13:16:05'),
(54, 54, NULL, 10, 42, '2023-04-05 13:16:05', '2023-04-05 13:16:05'),
(55, 51, NULL, 23, 43, '2023-04-05 13:16:06', '2023-04-05 13:16:06'),
(56, 51, 55, 23, 44, '2023-04-05 13:16:06', '2023-04-05 13:16:06'),
(57, 49, NULL, 12, 45, '2023-04-05 13:16:06', '2023-04-05 13:16:06'),
(58, 23, NULL, 17, 46, '2023-04-05 13:16:06', '2023-04-05 13:16:06'),
(59, 23, 58, 17, 47, '2023-04-05 13:16:06', '2023-04-05 13:16:06'),
(60, 45, NULL, 12, 48, '2023-04-05 13:16:06', '2023-04-05 13:16:06'),
(61, 45, NULL, 13, 49, '2023-04-05 13:16:06', '2023-04-05 13:16:06'),
(62, 45, 61, 13, 50, '2023-04-05 13:16:06', '2023-04-05 13:16:06'),
(63, 76, NULL, 18, 51, '2023-04-05 13:16:06', '2023-04-05 13:16:06'),
(64, 51, NULL, 25, 52, '2023-04-05 13:16:06', '2023-04-05 13:16:06'),
(65, 51, 64, 25, 53, '2023-04-05 13:16:06', '2023-04-05 13:16:06'),
(66, 44, NULL, 23, 54, '2023-04-05 13:16:06', '2023-04-05 13:16:06'),
(67, 8, NULL, 17, 55, '2023-04-05 13:16:06', '2023-04-05 13:16:06'),
(68, 8, 67, 17, 56, '2023-04-05 13:16:06', '2023-04-05 13:16:06'),
(69, 67, NULL, 23, 57, '2023-04-05 13:16:06', '2023-04-05 13:16:06'),
(70, 83, NULL, 1, 58, '2023-04-05 13:16:06', '2023-04-05 13:16:06'),
(71, 84, 70, 2, 58, '2023-04-05 13:16:06', '2023-04-05 13:16:06'),
(72, 65, 71, 3, 58, '2023-04-05 13:16:06', '2023-04-05 13:16:06'),
(73, 94, 72, 4, 58, '2023-04-05 13:16:06', '2023-04-05 13:16:06'),
(74, 9, NULL, 29, 59, '2023-04-05 13:16:06', '2023-04-05 13:16:06'),
(75, 9, 74, 29, 60, '2023-04-05 13:16:06', '2023-04-05 13:16:06'),
(76, 15, NULL, 13, 61, '2023-04-05 13:16:06', '2023-04-05 13:16:06'),
(77, 8, NULL, 2, 62, '2023-04-05 13:16:07', '2023-04-05 13:16:07'),
(78, 8, 77, 2, 63, '2023-04-05 13:16:07', '2023-04-05 13:16:07'),
(79, 0, NULL, 8, 64, '2023-04-05 13:16:07', '2023-04-05 13:16:07'),
(80, 6, NULL, 20, 65, '2023-04-05 13:16:07', '2023-04-05 13:16:07'),
(81, 6, 80, 20, 66, '2023-04-05 13:16:07', '2023-04-05 13:16:07'),
(82, 12, NULL, 3, 67, '2023-04-05 13:16:07', '2023-04-05 13:16:07'),
(83, 71, NULL, 22, 68, '2023-04-05 13:16:07', '2023-04-05 13:16:07'),
(84, 71, 83, 22, 69, '2023-04-05 13:16:07', '2023-04-05 13:16:07'),
(85, 50, NULL, 25, 70, '2023-04-05 13:16:07', '2023-04-05 13:16:07'),
(86, 38, NULL, 11, 71, '2023-04-05 13:16:07', '2023-04-05 13:16:07'),
(87, 38, 86, 11, 72, '2023-04-05 13:16:07', '2023-04-05 13:16:07'),
(88, 66, NULL, 29, 73, '2023-04-05 13:16:07', '2023-04-05 13:16:07'),
(89, 0, NULL, 13, 74, '2023-04-05 13:16:07', '2023-04-05 13:16:07'),
(90, 0, 89, 13, 75, '2023-04-05 13:16:07', '2023-04-05 13:16:07'),
(91, 99, NULL, 7, 76, '2023-04-05 13:16:07', '2023-04-05 13:16:07'),
(92, 11, NULL, 1, 77, '2023-04-05 13:16:07', '2023-04-05 13:16:07'),
(93, 61, 92, 2, 77, '2023-04-05 13:16:07', '2023-04-05 13:16:07'),
(94, 60, 93, 3, 77, '2023-04-05 13:16:07', '2023-04-05 13:16:07'),
(95, 88, 94, 4, 77, '2023-04-05 13:16:07', '2023-04-05 13:16:07'),
(96, 67, 95, 5, 77, '2023-04-05 13:16:07', '2023-04-05 13:16:07'),
(97, 7, 96, 6, 77, '2023-04-05 13:16:07', '2023-04-05 13:16:07'),
(98, 30, NULL, 16, 78, '2023-04-05 13:16:07', '2023-04-05 13:16:07'),
(99, 30, 98, 16, 79, '2023-04-05 13:16:07', '2023-04-05 13:16:07'),
(100, 16, NULL, 15, 80, '2023-04-05 13:16:07', '2023-04-05 13:16:07'),
(101, 65, NULL, 3, 81, '2023-04-05 13:16:07', '2023-04-05 13:16:07'),
(102, 65, 101, 3, 82, '2023-04-05 13:16:07', '2023-04-05 13:16:07'),
(103, 26, NULL, 14, 83, '2023-04-05 13:16:07', '2023-04-05 13:16:07'),
(104, 61, NULL, 21, 84, '2023-04-05 13:16:07', '2023-04-05 13:16:07'),
(105, 61, 104, 21, 85, '2023-04-05 13:16:08', '2023-04-05 13:16:08'),
(106, 44, NULL, 3, 86, '2023-04-05 13:16:08', '2023-04-05 13:16:08'),
(107, 1, NULL, 7, 87, '2023-04-05 13:16:08', '2023-04-05 13:16:08'),
(108, 1, 107, 7, 88, '2023-04-05 13:16:08', '2023-04-05 13:16:08'),
(109, 21, NULL, 16, 89, '2023-04-05 13:16:08', '2023-04-05 13:16:08'),
(110, 15, NULL, 10, 90, '2023-04-05 13:16:08', '2023-04-05 13:16:08'),
(111, 15, 110, 10, 91, '2023-04-05 13:16:08', '2023-04-05 13:16:08'),
(112, 82, NULL, 14, 92, '2023-04-05 13:16:08', '2023-04-05 13:16:08'),
(113, 21, NULL, 6, 93, '2023-04-05 13:16:08', '2023-04-05 13:16:08'),
(114, 21, 113, 6, 94, '2023-04-05 13:16:08', '2023-04-05 13:16:08'),
(115, 2, NULL, 6, 95, '2023-04-05 13:16:08', '2023-04-05 13:16:08'),
(116, 62, NULL, 1, 96, '2023-04-05 13:16:08', '2023-04-05 13:16:08'),
(117, 50, 116, 2, 96, '2023-04-05 13:16:08', '2023-04-05 13:16:08'),
(118, 75, 117, 3, 96, '2023-04-05 13:16:08', '2023-04-05 13:16:08'),
(119, 98, 118, 4, 96, '2023-04-05 13:16:08', '2023-04-05 13:16:08'),
(120, 1, 119, 5, 96, '2023-04-05 13:16:08', '2023-04-05 13:16:08'),
(121, 5, 120, 6, 96, '2023-04-05 13:16:08', '2023-04-05 13:16:08'),
(122, 55, NULL, 27, 97, '2023-04-05 13:16:08', '2023-04-05 13:16:08'),
(123, 55, 122, 27, 98, '2023-04-05 13:16:08', '2023-04-05 13:16:08'),
(124, 76, NULL, 8, 99, '2023-04-05 13:16:08', '2023-04-05 13:16:08'),
(125, 80, NULL, 3, 100, '2023-04-05 13:16:08', '2023-04-05 13:16:08'),
(126, 80, 125, 3, 101, '2023-04-05 13:16:08', '2023-04-05 13:16:08'),
(127, 1, NULL, 1, 102, '2023-04-05 13:16:08', '2023-04-05 13:16:08'),
(128, 52, NULL, 2, 103, '2023-04-05 13:16:08', '2023-04-05 13:16:08'),
(129, 52, 128, 2, 104, '2023-04-05 13:16:08', '2023-04-05 13:16:08'),
(130, 32, NULL, 10, 105, '2023-04-05 13:16:08', '2023-04-05 13:16:08'),
(131, 12, NULL, 29, 106, '2023-04-05 13:16:09', '2023-04-05 13:16:09'),
(132, 12, 131, 29, 107, '2023-04-05 13:16:09', '2023-04-05 13:16:09'),
(133, 54, NULL, 27, 108, '2023-04-05 13:16:09', '2023-04-05 13:16:09'),
(134, 81, NULL, 7, 109, '2023-04-05 13:16:09', '2023-04-05 13:16:09'),
(135, 81, 134, 7, 110, '2023-04-05 13:16:09', '2023-04-05 13:16:09'),
(136, 26, NULL, 13, 111, '2023-04-05 13:16:09', '2023-04-05 13:16:09'),
(137, 48, NULL, 20, 112, '2023-04-05 13:16:09', '2023-04-05 13:16:09'),
(138, 48, 137, 20, 113, '2023-04-05 13:16:09', '2023-04-05 13:16:09'),
(139, 99, NULL, 27, 114, '2023-04-05 13:16:09', '2023-04-05 13:16:09'),
(140, 41, NULL, 1, 115, '2023-04-05 13:16:09', '2023-04-05 13:16:09'),
(141, 25, 140, 2, 115, '2023-04-05 13:16:09', '2023-04-05 13:16:09'),
(142, 60, 141, 3, 115, '2023-04-05 13:16:09', '2023-04-05 13:16:09'),
(143, 4, 142, 4, 115, '2023-04-05 13:16:09', '2023-04-05 13:16:09'),
(144, 86, NULL, 15, 116, '2023-04-05 13:16:09', '2023-04-05 13:16:09'),
(145, 86, 144, 15, 117, '2023-04-05 13:16:09', '2023-04-05 13:16:09'),
(146, 13, NULL, 16, 118, '2023-04-05 13:16:09', '2023-04-05 13:16:09'),
(147, 59, NULL, 28, 119, '2023-04-05 13:16:09', '2023-04-05 13:16:09'),
(148, 59, 147, 28, 120, '2023-04-05 13:16:09', '2023-04-05 13:16:09'),
(149, 9, NULL, 13, 121, '2023-04-05 13:16:09', '2023-04-05 13:16:09'),
(150, 71, NULL, 1, 122, '2023-04-05 13:16:09', '2023-04-05 13:16:09'),
(151, 71, 150, 1, 123, '2023-04-05 13:16:09', '2023-04-05 13:16:09'),
(152, 98, NULL, 26, 124, '2023-04-05 13:16:09', '2023-04-05 13:16:09'),
(153, 69, NULL, 13, 125, '2023-04-05 13:16:09', '2023-04-05 13:16:09'),
(154, 69, 153, 13, 126, '2023-04-05 13:16:09', '2023-04-05 13:16:09'),
(155, 41, NULL, 7, 127, '2023-04-05 13:16:09', '2023-04-05 13:16:09'),
(156, 15, NULL, 11, 128, '2023-04-05 13:16:10', '2023-04-05 13:16:10'),
(157, 15, 156, 11, 129, '2023-04-05 13:16:10', '2023-04-05 13:16:10'),
(158, 71, NULL, 27, 130, '2023-04-05 13:16:10', '2023-04-05 13:16:10'),
(159, 88, NULL, 24, 131, '2023-04-05 13:16:10', '2023-04-05 13:16:10'),
(160, 88, 159, 24, 132, '2023-04-05 13:16:10', '2023-04-05 13:16:10'),
(161, 95, NULL, 21, 133, '2023-04-05 13:16:10', '2023-04-05 13:16:10'),
(162, 90, NULL, 1, 134, '2023-04-05 13:16:10', '2023-04-05 13:16:10'),
(163, 34, 162, 2, 134, '2023-04-05 13:16:10', '2023-04-05 13:16:10'),
(164, 42, NULL, 8, 135, '2023-04-05 13:16:10', '2023-04-05 13:16:10'),
(165, 42, 164, 8, 136, '2023-04-05 13:16:10', '2023-04-05 13:16:10'),
(166, 93, NULL, 9, 137, '2023-04-05 13:16:10', '2023-04-05 13:16:10'),
(167, 5, NULL, 6, 138, '2023-04-05 13:16:10', '2023-04-05 13:16:10'),
(168, 5, 167, 6, 139, '2023-04-05 13:16:10', '2023-04-05 13:16:10'),
(169, 98, NULL, 2, 140, '2023-04-05 13:16:10', '2023-04-05 13:16:10'),
(170, 27, NULL, 26, 141, '2023-04-05 13:16:10', '2023-04-05 13:16:10'),
(171, 27, 170, 26, 142, '2023-04-05 13:16:10', '2023-04-05 13:16:10'),
(172, 90, NULL, 26, 143, '2023-04-05 13:16:10', '2023-04-05 13:16:10'),
(173, 85, NULL, 1, 144, '2023-04-05 13:16:10', '2023-04-05 13:16:10'),
(174, 85, 173, 1, 145, '2023-04-05 13:16:10', '2023-04-05 13:16:10'),
(175, 72, NULL, 27, 146, '2023-04-05 13:16:10', '2023-04-05 13:16:10'),
(176, 7, NULL, 2, 147, '2023-04-05 13:16:10', '2023-04-05 13:16:10'),
(177, 7, 176, 2, 148, '2023-04-05 13:16:10', '2023-04-05 13:16:10'),
(178, 53, NULL, 6, 149, '2023-04-05 13:16:10', '2023-04-05 13:16:10'),
(179, 71, NULL, 20, 150, '2023-04-05 13:16:10', '2023-04-05 13:16:10'),
(180, 71, 179, 20, 151, '2023-04-05 13:16:10', '2023-04-05 13:16:10'),
(181, 62, NULL, 1, 152, '2023-04-05 13:16:11', '2023-04-05 13:16:11'),
(182, 3, NULL, 1, 153, '2023-04-05 13:16:11', '2023-04-05 13:16:11'),
(183, 28, 182, 2, 153, '2023-04-05 13:16:11', '2023-04-05 13:16:11'),
(184, 49, 183, 3, 153, '2023-04-05 13:16:11', '2023-04-05 13:16:11'),
(185, 18, 184, 4, 153, '2023-04-05 13:16:11', '2023-04-05 13:16:11'),
(186, 83, NULL, 23, 154, '2023-04-05 13:16:11', '2023-04-05 13:16:11'),
(187, 83, 186, 23, 155, '2023-04-05 13:16:11', '2023-04-05 13:16:11'),
(188, 56, NULL, 28, 156, '2023-04-05 13:16:11', '2023-04-05 13:16:11'),
(189, 45, NULL, 20, 157, '2023-04-05 13:16:11', '2023-04-05 13:16:11'),
(190, 45, 189, 20, 158, '2023-04-05 13:16:11', '2023-04-05 13:16:11'),
(191, 83, NULL, 25, 159, '2023-04-05 13:16:11', '2023-04-05 13:16:11'),
(192, 76, NULL, 18, 160, '2023-04-05 13:16:11', '2023-04-05 13:16:11'),
(193, 76, 192, 18, 161, '2023-04-05 13:16:11', '2023-04-05 13:16:11'),
(194, 79, NULL, 3, 162, '2023-04-05 13:16:11', '2023-04-05 13:16:11'),
(195, 90, NULL, 15, 163, '2023-04-05 13:16:11', '2023-04-05 13:16:11'),
(196, 90, 195, 15, 164, '2023-04-05 13:16:11', '2023-04-05 13:16:11'),
(197, 66, NULL, 5, 165, '2023-04-05 13:16:11', '2023-04-05 13:16:11'),
(198, 26, NULL, 11, 166, '2023-04-05 13:16:11', '2023-04-05 13:16:11'),
(199, 26, 198, 11, 167, '2023-04-05 13:16:11', '2023-04-05 13:16:11'),
(200, 81, NULL, 4, 168, '2023-04-05 13:16:11', '2023-04-05 13:16:11'),
(201, 53, NULL, 14, 169, '2023-04-05 13:16:11', '2023-04-05 13:16:11'),
(202, 53, 201, 14, 170, '2023-04-05 13:16:11', '2023-04-05 13:16:11'),
(203, 30, NULL, 20, 171, '2023-04-05 13:16:11', '2023-04-05 13:16:11'),
(204, 89, NULL, 1, 172, '2023-04-05 13:16:12', '2023-04-05 13:16:12'),
(205, 69, 204, 2, 172, '2023-04-05 13:16:12', '2023-04-05 13:16:12'),
(206, 89, NULL, 12, 173, '2023-04-05 13:16:12', '2023-04-05 13:16:12'),
(207, 89, 206, 12, 174, '2023-04-05 13:16:12', '2023-04-05 13:16:12'),
(208, 20, NULL, 14, 175, '2023-04-05 13:16:12', '2023-04-05 13:16:12'),
(209, 85, NULL, 10, 176, '2023-04-05 13:16:12', '2023-04-05 13:16:12'),
(210, 85, 209, 10, 177, '2023-04-05 13:16:12', '2023-04-05 13:16:12'),
(211, 89, NULL, 22, 178, '2023-04-05 13:16:12', '2023-04-05 13:16:12'),
(212, 18, NULL, 2, 179, '2023-04-05 13:16:12', '2023-04-05 13:16:12'),
(213, 18, 212, 2, 180, '2023-04-05 13:16:12', '2023-04-05 13:16:12'),
(214, 25, NULL, 8, 181, '2023-04-05 13:16:12', '2023-04-05 13:16:12'),
(215, 25, NULL, 14, 182, '2023-04-05 13:16:12', '2023-04-05 13:16:12'),
(216, 25, 215, 14, 183, '2023-04-05 13:16:12', '2023-04-05 13:16:12'),
(217, 14, NULL, 15, 184, '2023-04-05 13:16:12', '2023-04-05 13:16:12'),
(218, 78, NULL, 19, 185, '2023-04-05 13:16:12', '2023-04-05 13:16:12'),
(219, 78, 218, 19, 186, '2023-04-05 13:16:12', '2023-04-05 13:16:12'),
(220, 61, NULL, 6, 187, '2023-04-05 13:16:12', '2023-04-05 13:16:12'),
(221, 10, NULL, 10, 188, '2023-04-05 13:16:12', '2023-04-05 13:16:12'),
(222, 10, 221, 10, 189, '2023-04-05 13:16:12', '2023-04-05 13:16:12'),
(223, 70, NULL, 23, 190, '2023-04-05 13:16:12', '2023-04-05 13:16:12');

-- --------------------------------------------------------

--
-- Table structure for table `trips`
--

CREATE TABLE `trips` (
  `id` bigint UNSIGNED NOT NULL,
  `title` varchar(255) COLLATE utf8mb4_unicode_ci DEFAULT NULL,
  `number` varchar(255) COLLATE utf8mb4_unicode_ci NOT NULL,
  `status` tinyint NOT NULL DEFAULT '0',
  `departure_at` timestamp NOT NULL,
  `estimated_arrival_at` timestamp NULL DEFAULT NULL,
  `bus_id` bigint UNSIGNED NOT NULL,
  `created_at` timestamp NULL DEFAULT NULL,
  `updated_at` timestamp NULL DEFAULT NULL
) ENGINE=InnoDB DEFAULT CHARSET=utf8mb4 COLLATE=utf8mb4_unicode_ci;

--
-- Dumping data for table `trips`
--

INSERT INTO `trips` (`id`, `title`, `number`, `status`, `departure_at`, `estimated_arrival_at`, `bus_id`, `created_at`, `updated_at`) VALUES
(1, 'Est qui ullam pariatur sequi dolor.', '57501577', 0, '2023-04-09 10:53:20', '2023-04-09 19:53:20', 1, '2023-04-05 13:16:04', '2023-04-05 13:16:04'),
(2, 'Voluptatem quia nulla quasi.', '99202687', 2, '2023-04-12 23:01:14', '2023-04-13 00:01:14', 11, '2023-04-05 13:16:04', '2023-04-05 13:16:04'),
(3, 'Minus aspernatur rerum magni dicta aut sint.', '40483923', 2, '2023-04-20 16:32:10', '2023-04-21 01:32:10', 12, '2023-04-05 13:16:04', '2023-04-05 13:16:04'),
(4, 'Perferendis quis et sapiente eaque.', '81708194', 2, '2023-04-28 21:45:10', '2023-04-29 06:45:10', 13, '2023-04-05 13:16:04', '2023-04-05 13:16:04'),
(5, 'At voluptatibus dolor saepe sunt blanditiis voluptates.', '15569898', 1, '2023-04-21 06:06:58', '2023-04-21 15:06:58', 14, '2023-04-05 13:16:04', '2023-04-05 13:16:04'),
(6, 'Sit numquam ipsam cumque vel consequatur.', '10225192', 4, '2023-04-25 07:36:05', '2023-04-25 13:36:05', 15, '2023-04-05 13:16:04', '2023-04-05 13:16:04'),
(7, 'Non exercitationem sit dolores.', '53363542', 0, '2023-04-18 15:30:37', '2023-04-18 21:30:37', 16, '2023-04-05 13:16:04', '2023-04-05 13:16:04'),
(8, 'Et excepturi sit et sit nemo laborum suscipit animi.', '85922042', 2, '2023-04-21 22:33:42', '2023-04-22 03:33:42', 17, '2023-04-05 13:16:04', '2023-04-05 13:16:04'),
(9, 'Corporis est culpa nesciunt consequuntur ratione.', '46413204', 0, '2023-04-10 06:12:59', '2023-04-10 09:12:59', 18, '2023-04-05 13:16:04', '2023-04-05 13:16:04'),
(10, 'Est alias sunt exercitationem repellendus at nihil sint eveniet.', '83897584', 1, '2023-04-28 11:55:20', '2023-04-28 18:55:20', 19, '2023-04-05 13:16:04', '2023-04-05 13:16:04'),
(11, 'Et ex iure laborum sed et.', '87193199', 4, '2023-04-27 18:21:04', '2023-04-28 02:21:04', 20, '2023-04-05 13:16:04', '2023-04-05 13:16:04'),
(12, 'Enim distinctio corporis perferendis est aliquid.', '39354073', 3, '2023-05-03 23:37:15', '2023-05-04 00:37:15', 21, '2023-04-05 13:16:04', '2023-04-05 13:16:04'),
(13, 'Quae ut quos possimus perferendis animi recusandae consequatur.', '64226831', 0, '2023-04-10 02:34:10', '2023-04-10 10:34:10', 22, '2023-04-05 13:16:04', '2023-04-05 13:16:04'),
(14, 'Cupiditate corporis odit fuga omnis dolorum nihil ratione dolorem.', '42110959', 4, '2023-04-24 12:48:37', '2023-04-24 13:48:37', 23, '2023-04-05 13:16:04', '2023-04-05 13:16:04'),
(15, 'Id voluptatibus voluptas cupiditate totam aut eligendi eveniet.', '75177536', 1, '2023-04-13 08:56:52', '2023-04-13 14:56:52', 24, '2023-04-05 13:16:04', '2023-04-05 13:16:04'),
(16, 'Harum est blanditiis aperiam tempore omnis et quam.', '77123221', 0, '2023-04-13 12:33:37', '2023-04-13 14:33:37', 25, '2023-04-05 13:16:04', '2023-04-05 13:16:04'),
(17, 'Distinctio non molestias delectus iste.', '88640259', 0, '2023-05-02 01:37:48', '2023-05-02 03:37:48', 26, '2023-04-05 13:16:04', '2023-04-05 13:16:04'),
(18, 'Quis eum voluptates voluptatibus asperiores porro.', '71680598', 4, '2023-04-28 11:04:40', '2023-04-28 15:04:40', 27, '2023-04-05 13:16:04', '2023-04-05 13:16:04'),
(19, 'Aut qui voluptate impedit facilis ut odit.', '83817908', 2, '2023-04-22 21:08:19', '2023-04-22 22:08:19', 28, '2023-04-05 13:16:04', '2023-04-05 13:16:04'),
(20, 'Ullam est nobis beatae voluptatem quia impedit et.', '41125910', 4, '2023-04-19 11:16:18', '2023-04-19 20:16:18', 2, '2023-04-05 13:16:04', '2023-04-05 13:16:04'),
(21, 'Ratione consequatur dicta dicta repellendus.', '45027444', 1, '2023-04-09 11:07:22', '2023-04-09 14:07:22', 29, '2023-04-05 13:16:04', '2023-04-05 13:16:04'),
(22, 'Veritatis aspernatur id temporibus velit et.', '18002297', 4, '2023-04-17 12:14:22', '2023-04-17 17:14:22', 30, '2023-04-05 13:16:04', '2023-04-05 13:16:04'),
(23, 'Voluptatem sequi non nesciunt atque quasi harum.', '29828622', 2, '2023-04-29 02:58:28', '2023-04-29 04:58:28', 31, '2023-04-05 13:16:05', '2023-04-05 13:16:05'),
(24, 'Enim quae itaque vero.', '47856376', 2, '2023-05-04 11:23:38', '2023-05-04 13:23:38', 32, '2023-04-05 13:16:05', '2023-04-05 13:16:05'),
(25, 'Deserunt itaque praesentium id et quis unde minus animi.', '43179988', 4, '2023-05-01 17:54:00', '2023-05-01 19:54:00', 33, '2023-04-05 13:16:05', '2023-04-05 13:16:05'),
(26, 'Assumenda reprehenderit aut qui voluptas aut molestiae numquam.', '46755152', 4, '2023-04-24 14:46:23', '2023-04-24 20:46:23', 34, '2023-04-05 13:16:05', '2023-04-05 13:16:05'),
(27, 'Illum molestiae officia maiores omnis.', '58291748', 0, '2023-05-02 20:39:25', '2023-05-03 05:39:25', 35, '2023-04-05 13:16:05', '2023-04-05 13:16:05'),
(28, 'Consequatur eum illo libero recusandae reiciendis et similique.', '85865539', 2, '2023-04-26 10:01:55', '2023-04-26 11:01:55', 36, '2023-04-05 13:16:05', '2023-04-05 13:16:05'),
(29, 'Quam ut explicabo nam a ducimus.', '12093425', 2, '2023-04-07 02:43:25', '2023-04-07 11:43:25', 37, '2023-04-05 13:16:05', '2023-04-05 13:16:05'),
(30, 'Eveniet fuga voluptatem veniam occaecati quod adipisci.', '65506175', 3, '2023-04-23 08:01:57', '2023-04-23 09:01:57', 38, '2023-04-05 13:16:05', '2023-04-05 13:16:05'),
(31, 'Consequatur quidem dicta recusandae magnam accusantium.', '28803641', 3, '2023-04-20 22:16:48', '2023-04-21 05:16:48', 39, '2023-04-05 13:16:05', '2023-04-05 13:16:05'),
(32, 'Velit inventore dolorem ea dolorem optio quisquam consequatur.', '87870520', 3, '2023-04-19 09:35:33', '2023-04-19 11:35:33', 40, '2023-04-05 13:16:05', '2023-04-05 13:16:05'),
(33, 'Nemo nulla fugiat iusto voluptate.', '59699126', 2, '2023-04-23 21:32:41', '2023-04-24 05:32:41', 41, '2023-04-05 13:16:05', '2023-04-05 13:16:05'),
(34, 'Consequuntur ex cupiditate rerum deleniti nulla sint facere.', '53754405', 3, '2023-05-03 01:30:02', '2023-05-03 04:30:02', 42, '2023-04-05 13:16:05', '2023-04-05 13:16:05'),
(35, 'Adipisci quia consectetur voluptatum delectus.', '49677497', 3, '2023-04-19 23:15:12', '2023-04-20 00:15:12', 43, '2023-04-05 13:16:05', '2023-04-05 13:16:05'),
(36, 'Debitis aut consectetur odio ea provident.', '78895281', 0, '2023-04-28 07:46:31', '2023-04-28 09:46:31', 44, '2023-04-05 13:16:05', '2023-04-05 13:16:05'),
(37, 'Possimus eum sint qui quaerat et in recusandae.', '99096896', 0, '2023-05-02 01:19:53', '2023-05-02 08:19:53', 45, '2023-04-05 13:16:05', '2023-04-05 13:16:05'),
(38, 'Deleniti quod non quae adipisci fugiat est.', '76796529', 1, '2023-04-16 10:41:39', '2023-04-16 16:41:39', 46, '2023-04-05 13:16:05', '2023-04-05 13:16:05'),
(39, 'Voluptatem dignissimos eum sit sapiente odit molestiae.', '85713034', 1, '2023-05-05 11:24:29', '2023-05-05 13:24:29', 3, '2023-04-05 13:16:05', '2023-04-05 13:16:05'),
(40, 'Alias vel velit tenetur eligendi tempora quidem temporibus.', '85982892', 1, '2023-04-23 23:54:59', '2023-04-24 01:54:59', 47, '2023-04-05 13:16:05', '2023-04-05 13:16:05'),
(41, 'Cupiditate ex qui aliquam natus.', '11151855', 3, '2023-04-26 06:48:42', '2023-04-26 13:48:42', 48, '2023-04-05 13:16:05', '2023-04-05 13:16:05'),
(42, 'Nobis est est ea rerum.', '45537925', 0, '2023-04-23 01:05:32', '2023-04-23 10:05:32', 49, '2023-04-05 13:16:05', '2023-04-05 13:16:05'),
(43, 'Dolorem dignissimos corporis facere non saepe vel.', '55889611', 4, '2023-05-05 07:22:33', '2023-05-05 09:22:33', 50, '2023-04-05 13:16:06', '2023-04-05 13:16:06'),
(44, 'Et pariatur sit molestiae molestiae.', '80399892', 4, '2023-04-09 18:23:14', '2023-04-09 20:23:14', 51, '2023-04-05 13:16:06', '2023-04-05 13:16:06'),
(45, 'Et blanditiis non neque facere minus ea est.', '44192267', 4, '2023-04-19 16:40:09', '2023-04-20 01:40:09', 52, '2023-04-05 13:16:06', '2023-04-05 13:16:06'),
(46, 'Aliquid est aliquam corrupti aut eius.', '97263849', 4, '2023-04-22 23:31:11', '2023-04-23 08:31:11', 53, '2023-04-05 13:16:06', '2023-04-05 13:16:06'),
(47, 'Nesciunt neque minima maiores asperiores corporis praesentium et.', '96387236', 4, '2023-05-04 15:59:15', '2023-05-04 16:59:15', 54, '2023-04-05 13:16:06', '2023-04-05 13:16:06'),
(48, 'Est voluptatum ex totam accusamus eum.', '36127860', 0, '2023-04-16 23:03:42', '2023-04-17 08:03:42', 55, '2023-04-05 13:16:06', '2023-04-05 13:16:06'),
(49, 'Consequatur explicabo amet libero.', '16654004', 0, '2023-04-08 05:37:56', '2023-04-08 09:37:56', 56, '2023-04-05 13:16:06', '2023-04-05 13:16:06'),
(50, 'Maxime voluptate odio est nisi qui architecto.', '87581098', 1, '2023-05-04 07:49:35', '2023-05-04 08:49:35', 57, '2023-04-05 13:16:06', '2023-04-05 13:16:06'),
(51, 'Quia suscipit magni magnam eos aspernatur consectetur ipsa.', '70264264', 0, '2023-05-01 04:35:05', '2023-05-01 08:35:05', 58, '2023-04-05 13:16:06', '2023-04-05 13:16:06'),
(52, 'Illum ea voluptatum voluptas ipsum voluptas delectus sit ut.', '18887152', 4, '2023-04-21 02:56:45', '2023-04-21 09:56:45', 59, '2023-04-05 13:16:06', '2023-04-05 13:16:06'),
(53, 'Voluptatum aut pariatur non exercitationem nisi et.', '40797068', 0, '2023-04-12 19:55:46', '2023-04-13 01:55:46', 60, '2023-04-05 13:16:06', '2023-04-05 13:16:06'),
(54, 'Labore accusantium sit autem quo consequuntur.', '33845159', 4, '2023-04-28 21:30:27', '2023-04-28 22:30:27', 61, '2023-04-05 13:16:06', '2023-04-05 13:16:06'),
(55, 'Ut enim velit voluptatem aperiam.', '49914022', 0, '2023-04-10 16:30:18', '2023-04-10 22:30:18', 62, '2023-04-05 13:16:06', '2023-04-05 13:16:06'),
(56, 'Nam dolor saepe porro molestiae est enim.', '19304370', 1, '2023-04-29 21:56:13', '2023-04-30 03:56:13', 63, '2023-04-05 13:16:06', '2023-04-05 13:16:06'),
(57, 'Quasi id aut possimus.', '17597868', 2, '2023-04-23 15:37:25', '2023-04-23 23:37:25', 64, '2023-04-05 13:16:06', '2023-04-05 13:16:06'),
(58, 'Consequuntur praesentium fuga reprehenderit voluptatem sit.', '32647918', 1, '2023-04-27 13:52:21', '2023-04-27 17:52:21', 4, '2023-04-05 13:16:06', '2023-04-05 13:16:06'),
(59, 'Nihil voluptas sint officia rem vel.', '74846195', 1, '2023-04-13 11:36:40', '2023-04-13 18:36:40', 65, '2023-04-05 13:16:06', '2023-04-05 13:16:06'),
(60, 'Perferendis quaerat aut minus deserunt tempore corporis accusantium.', '10808402', 2, '2023-04-29 03:11:55', '2023-04-29 04:11:55', 66, '2023-04-05 13:16:06', '2023-04-05 13:16:06'),
(61, 'Laboriosam voluptas illum ipsa et asperiores ducimus.', '70586494', 2, '2023-04-22 12:35:46', '2023-04-22 18:35:46', 67, '2023-04-05 13:16:06', '2023-04-05 13:16:06'),
(62, 'Ab sapiente deleniti excepturi eum.', '19827126', 3, '2023-04-17 13:27:15', '2023-04-17 19:27:15', 68, '2023-04-05 13:16:07', '2023-04-05 13:16:07'),
(63, 'Saepe pariatur iste expedita.', '93525780', 0, '2023-04-16 07:21:44', '2023-04-16 11:21:44', 69, '2023-04-05 13:16:07', '2023-04-05 13:16:07'),
(64, 'Accusamus consequuntur nesciunt impedit porro eaque expedita.', '26241262', 4, '2023-04-27 19:58:07', '2023-04-28 03:58:07', 70, '2023-04-05 13:16:07', '2023-04-05 13:16:07'),
(65, 'Amet et ut recusandae officiis sapiente cumque perferendis.', '32895931', 4, '2023-04-14 21:42:54', '2023-04-14 23:42:54', 71, '2023-04-05 13:16:07', '2023-04-05 13:16:07'),
(66, 'Aspernatur pariatur voluptatum sapiente ea ut.', '63725482', 2, '2023-04-23 20:53:00', '2023-04-24 00:53:00', 72, '2023-04-05 13:16:07', '2023-04-05 13:16:07'),
(67, 'Rerum suscipit officia illum minus omnis neque quia.', '53897331', 4, '2023-04-27 19:49:28', '2023-04-27 23:49:28', 73, '2023-04-05 13:16:07', '2023-04-05 13:16:07'),
(68, 'Excepturi illo error molestiae iste accusantium.', '85318935', 4, '2023-04-14 10:00:55', '2023-04-14 12:00:55', 74, '2023-04-05 13:16:07', '2023-04-05 13:16:07'),
(69, 'Ut labore illum molestiae.', '36784723', 0, '2023-05-03 09:44:56', '2023-05-03 10:44:56', 75, '2023-04-05 13:16:07', '2023-04-05 13:16:07'),
(70, 'Quia rerum eveniet aspernatur est corporis et.', '16736988', 3, '2023-04-21 13:56:58', '2023-04-21 15:56:58', 76, '2023-04-05 13:16:07', '2023-04-05 13:16:07'),
(71, 'Accusantium qui quidem adipisci ab earum omnis.', '35838424', 3, '2023-04-28 01:07:37', '2023-04-28 07:07:37', 77, '2023-04-05 13:16:07', '2023-04-05 13:16:07'),
(72, 'Quae sint molestias delectus error est culpa dolore.', '76881091', 2, '2023-04-08 05:31:13', '2023-04-08 11:31:13', 78, '2023-04-05 13:16:07', '2023-04-05 13:16:07'),
(73, 'Consequuntur libero magni ullam.', '79807704', 3, '2023-04-27 08:12:24', '2023-04-27 12:12:24', 79, '2023-04-05 13:16:07', '2023-04-05 13:16:07'),
(74, 'Omnis omnis nihil ut porro quis quia.', '97204882', 1, '2023-04-19 15:10:20', '2023-04-19 23:10:20', 80, '2023-04-05 13:16:07', '2023-04-05 13:16:07'),
(75, 'Corrupti similique est vitae dolorem voluptates velit.', '26414905', 4, '2023-05-02 21:32:19', '2023-05-03 03:32:19', 81, '2023-04-05 13:16:07', '2023-04-05 13:16:07'),
(76, 'Nemo et dolores similique dicta possimus.', '80253861', 2, '2023-04-16 04:35:33', '2023-04-16 11:35:33', 82, '2023-04-05 13:16:07', '2023-04-05 13:16:07'),
(77, 'Dolorum assumenda cupiditate sed.', '36660676', 4, '2023-04-14 22:54:23', '2023-04-15 04:54:23', 5, '2023-04-05 13:16:07', '2023-04-05 13:16:07'),
(78, 'Quisquam distinctio omnis suscipit sit est voluptatem molestiae.', '81522099', 2, '2023-04-19 02:43:11', '2023-04-19 10:43:11', 83, '2023-04-05 13:16:07', '2023-04-05 13:16:07'),
(79, 'In dolor sunt saepe dignissimos provident.', '72604891', 2, '2023-04-13 17:36:34', '2023-04-13 23:36:34', 84, '2023-04-05 13:16:07', '2023-04-05 13:16:07'),
(80, 'Perferendis veniam illo laborum minus porro rerum.', '78760609', 3, '2023-04-17 23:57:33', '2023-04-18 04:57:33', 85, '2023-04-05 13:16:07', '2023-04-05 13:16:07'),
(81, 'Voluptatem nihil dolore pariatur est laudantium est possimus.', '30980176', 1, '2023-04-26 00:07:32', '2023-04-26 06:07:32', 86, '2023-04-05 13:16:07', '2023-04-05 13:16:07'),
(82, 'In non debitis quo enim voluptatem.', '40289306', 0, '2023-05-03 19:50:22', '2023-05-04 02:50:22', 87, '2023-04-05 13:16:07', '2023-04-05 13:16:07'),
(83, 'Est amet sint omnis quia deserunt delectus.', '95110587', 2, '2023-04-22 06:24:28', '2023-04-22 12:24:28', 88, '2023-04-05 13:16:07', '2023-04-05 13:16:07'),
(84, 'Et culpa in iure hic.', '89871388', 0, '2023-04-17 17:58:52', '2023-04-18 00:58:52', 89, '2023-04-05 13:16:07', '2023-04-05 13:16:07'),
(85, 'Totam sapiente facilis distinctio recusandae.', '65256436', 0, '2023-04-26 13:34:56', '2023-04-26 20:34:56', 90, '2023-04-05 13:16:08', '2023-04-05 13:16:08'),
(86, 'Nam saepe accusantium eligendi et harum.', '84071846', 0, '2023-04-28 11:33:11', '2023-04-28 18:33:11', 91, '2023-04-05 13:16:08', '2023-04-05 13:16:08'),
(87, 'Iste dolor hic aut.', '89651609', 1, '2023-04-28 18:40:08', '2023-04-28 20:40:08', 92, '2023-04-05 13:16:08', '2023-04-05 13:16:08'),
(88, 'Similique delectus incidunt omnis dolorem iure itaque nesciunt.', '96467568', 3, '2023-04-25 22:35:33', '2023-04-26 01:35:33', 93, '2023-04-05 13:16:08', '2023-04-05 13:16:08'),
(89, 'Sed nihil non vel quaerat et totam cupiditate.', '97364488', 1, '2023-04-12 16:41:16', '2023-04-12 22:41:16', 94, '2023-04-05 13:16:08', '2023-04-05 13:16:08'),
(90, 'Eum distinctio officiis est recusandae est impedit quaerat.', '66518954', 1, '2023-04-08 14:41:54', '2023-04-08 20:41:54', 95, '2023-04-05 13:16:08', '2023-04-05 13:16:08'),
(91, 'Ut nam dolore eaque facere optio.', '79422995', 0, '2023-04-07 22:55:51', '2023-04-08 00:55:51', 96, '2023-04-05 13:16:08', '2023-04-05 13:16:08'),
(92, 'Ut corporis aliquid eum voluptas atque praesentium.', '88922547', 2, '2023-04-14 13:38:58', '2023-04-14 22:38:58', 97, '2023-04-05 13:16:08', '2023-04-05 13:16:08'),
(93, 'Libero quod consectetur nulla velit voluptas aut ea.', '53469372', 0, '2023-04-29 17:07:10', '2023-04-30 00:07:10', 98, '2023-04-05 13:16:08', '2023-04-05 13:16:08'),
(94, 'Et et eos praesentium.', '24645494', 4, '2023-04-22 07:20:17', '2023-04-22 10:20:17', 99, '2023-04-05 13:16:08', '2023-04-05 13:16:08'),
(95, 'Provident reprehenderit soluta consequatur non voluptatum quidem deserunt et.', '53674966', 2, '2023-04-24 03:16:00', '2023-04-24 08:16:00', 100, '2023-04-05 13:16:08', '2023-04-05 13:16:08'),
(96, 'Explicabo similique dolorum et eaque voluptatem.', '49783394', 3, '2023-04-07 12:34:48', '2023-04-07 21:34:48', 6, '2023-04-05 13:16:08', '2023-04-05 13:16:08'),
(97, 'Porro repudiandae maiores qui temporibus sit modi sit voluptas.', '63186227', 1, '2023-04-07 12:24:53', '2023-04-07 15:24:53', 101, '2023-04-05 13:16:08', '2023-04-05 13:16:08'),
(98, 'Corporis tenetur omnis dignissimos omnis.', '49173330', 4, '2023-05-02 04:21:43', '2023-05-02 11:21:43', 102, '2023-04-05 13:16:08', '2023-04-05 13:16:08'),
(99, 'Corporis itaque nostrum aliquid laudantium architecto.', '43572119', 2, '2023-04-14 10:54:23', '2023-04-14 17:54:23', 103, '2023-04-05 13:16:08', '2023-04-05 13:16:08'),
(100, 'Saepe modi et blanditiis nihil quo ipsa.', '91412716', 0, '2023-04-17 15:26:26', '2023-04-18 00:26:26', 104, '2023-04-05 13:16:08', '2023-04-05 13:16:08'),
(101, 'Tempora eveniet dicta fuga odio fugiat aut sapiente fugit.', '21600940', 2, '2023-04-26 09:20:02', '2023-04-26 15:20:02', 105, '2023-04-05 13:16:08', '2023-04-05 13:16:08'),
(102, 'Assumenda temporibus et quas ab.', '29525661', 3, '2023-04-27 19:05:45', '2023-04-28 03:05:45', 106, '2023-04-05 13:16:08', '2023-04-05 13:16:08'),
(103, 'Quam exercitationem est eligendi ipsam vero alias nulla reprehenderit.', '84341000', 3, '2023-04-26 02:58:42', '2023-04-26 06:58:42', 107, '2023-04-05 13:16:08', '2023-04-05 13:16:08'),
(104, 'Corporis alias deserunt vel perferendis molestiae consequatur minima dolores.', '57284438', 1, '2023-04-29 18:47:10', '2023-04-30 02:47:10', 108, '2023-04-05 13:16:08', '2023-04-05 13:16:08'),
(105, 'Eligendi voluptas sed voluptatum omnis ipsum non similique.', '71165086', 1, '2023-04-07 12:45:10', '2023-04-07 18:45:10', 109, '2023-04-05 13:16:08', '2023-04-05 13:16:08'),
(106, 'Possimus voluptatem odio dolorem rerum.', '89644609', 1, '2023-04-10 05:01:11', '2023-04-10 10:01:11', 110, '2023-04-05 13:16:08', '2023-04-05 13:16:08'),
(107, 'Minima eos similique nesciunt praesentium.', '69518155', 3, '2023-04-07 03:24:13', '2023-04-07 05:24:13', 111, '2023-04-05 13:16:09', '2023-04-05 13:16:09'),
(108, 'Perspiciatis voluptatum quod ut eum.', '78089672', 1, '2023-04-27 17:39:53', '2023-04-27 19:39:53', 112, '2023-04-05 13:16:09', '2023-04-05 13:16:09'),
(109, 'Atque consequuntur rerum saepe odit itaque rem.', '10693301', 2, '2023-04-10 15:54:40', '2023-04-11 00:54:40', 113, '2023-04-05 13:16:09', '2023-04-05 13:16:09'),
(110, 'Quis est explicabo odio.', '54753133', 1, '2023-05-03 17:53:35', '2023-05-03 22:53:35', 114, '2023-04-05 13:16:09', '2023-04-05 13:16:09'),
(111, 'Deleniti nostrum aliquam eum architecto odio dolor facere.', '50947101', 2, '2023-04-29 19:26:58', '2023-04-29 20:26:58', 115, '2023-04-05 13:16:09', '2023-04-05 13:16:09'),
(112, 'Voluptatem dignissimos ab tempore dolor voluptas itaque unde.', '84750441', 4, '2023-04-26 04:27:54', '2023-04-26 05:27:54', 116, '2023-04-05 13:16:09', '2023-04-05 13:16:09'),
(113, 'Eligendi cum est adipisci sequi ut nemo.', '14109076', 1, '2023-05-02 16:05:36', '2023-05-02 19:05:36', 117, '2023-04-05 13:16:09', '2023-04-05 13:16:09'),
(114, 'Consectetur vitae voluptatibus impedit sed vel sed.', '69479570', 1, '2023-04-30 20:19:01', '2023-05-01 03:19:01', 118, '2023-04-05 13:16:09', '2023-04-05 13:16:09'),
(115, 'Sequi quibusdam aspernatur eius ut repudiandae.', '38464472', 2, '2023-04-07 10:28:15', '2023-04-07 12:28:15', 7, '2023-04-05 13:16:09', '2023-04-05 13:16:09'),
(116, 'Vitae laborum ab molestiae nobis ipsum.', '57466219', 4, '2023-04-18 06:59:45', '2023-04-18 14:59:45', 119, '2023-04-05 13:16:09', '2023-04-05 13:16:09'),
(117, 'Vero maxime impedit quia earum amet.', '42541245', 1, '2023-04-10 07:43:23', '2023-04-10 08:43:23', 120, '2023-04-05 13:16:09', '2023-04-05 13:16:09'),
(118, 'Eum mollitia perferendis et natus et eius.', '68869781', 1, '2023-04-29 15:48:02', '2023-04-29 23:48:02', 121, '2023-04-05 13:16:09', '2023-04-05 13:16:09'),
(119, 'Repellendus non nemo et aut qui nihil consequatur minima.', '27146972', 1, '2023-05-03 00:46:49', '2023-05-03 07:46:49', 122, '2023-04-05 13:16:09', '2023-04-05 13:16:09'),
(120, 'Minus hic cum accusantium veritatis nostrum quod in.', '69376649', 3, '2023-04-23 13:43:02', '2023-04-23 18:43:02', 123, '2023-04-05 13:16:09', '2023-04-05 13:16:09'),
(121, 'Sed repudiandae non eaque sint.', '71853168', 4, '2023-04-20 03:00:50', '2023-04-20 09:00:50', 124, '2023-04-05 13:16:09', '2023-04-05 13:16:09'),
(122, 'Est voluptate qui pariatur minima.', '72839434', 0, '2023-04-15 19:44:38', '2023-04-16 01:44:38', 125, '2023-04-05 13:16:09', '2023-04-05 13:16:09'),
(123, 'Et eum itaque veritatis quam saepe eum sit.', '49590180', 2, '2023-04-21 16:45:38', '2023-04-22 01:45:38', 126, '2023-04-05 13:16:09', '2023-04-05 13:16:09'),
(124, 'Laborum minima soluta officia ea in.', '13734340', 4, '2023-04-10 23:38:46', '2023-04-11 05:38:46', 127, '2023-04-05 13:16:09', '2023-04-05 13:16:09'),
(125, 'Voluptatum quam eius cupiditate dolorem et quis et aliquid.', '33032925', 0, '2023-04-12 00:31:40', '2023-04-12 07:31:40', 128, '2023-04-05 13:16:09', '2023-04-05 13:16:09'),
(126, 'Corrupti consequatur distinctio exercitationem et.', '18327035', 3, '2023-04-21 13:20:48', '2023-04-21 18:20:48', 129, '2023-04-05 13:16:09', '2023-04-05 13:16:09'),
(127, 'Ut cupiditate dolor ea expedita voluptatibus.', '60548984', 4, '2023-04-30 07:28:05', '2023-04-30 16:28:05', 130, '2023-04-05 13:16:09', '2023-04-05 13:16:09'),
(128, 'Est occaecati sit blanditiis deserunt enim iusto soluta.', '26583079', 3, '2023-04-25 16:30:12', '2023-04-25 17:30:12', 131, '2023-04-05 13:16:09', '2023-04-05 13:16:09'),
(129, 'Ut quia nihil iste et.', '70770339', 2, '2023-04-25 11:33:58', '2023-04-25 12:33:58', 132, '2023-04-05 13:16:10', '2023-04-05 13:16:10'),
(130, 'Velit sit culpa facilis iusto ut.', '14400850', 2, '2023-04-26 00:19:57', '2023-04-26 02:19:57', 133, '2023-04-05 13:16:10', '2023-04-05 13:16:10'),
(131, 'Iusto et fugiat nesciunt odit quasi.', '33443551', 3, '2023-04-24 19:59:01', '2023-04-25 04:59:01', 134, '2023-04-05 13:16:10', '2023-04-05 13:16:10'),
(132, 'Et rerum architecto et eos est voluptatibus.', '74236069', 4, '2023-04-07 14:05:09', '2023-04-07 23:05:09', 135, '2023-04-05 13:16:10', '2023-04-05 13:16:10'),
(133, 'Eius sequi a voluptates repellat.', '81658669', 4, '2023-04-14 18:28:04', '2023-04-15 01:28:04', 136, '2023-04-05 13:16:10', '2023-04-05 13:16:10'),
(134, 'Sint voluptatum sunt quidem.', '73003775', 0, '2023-04-21 13:31:59', '2023-04-21 20:31:59', 8, '2023-04-05 13:16:10', '2023-04-05 13:16:10'),
(135, 'Sunt est autem culpa atque omnis.', '70226565', 3, '2023-04-07 18:48:44', '2023-04-07 22:48:44', 137, '2023-04-05 13:16:10', '2023-04-05 13:16:10'),
(136, 'Numquam et quas cum culpa laudantium nobis.', '51511659', 3, '2023-04-28 10:56:00', '2023-04-28 13:56:00', 138, '2023-04-05 13:16:10', '2023-04-05 13:16:10'),
(137, 'Nesciunt nam aut dolorem incidunt pariatur ab.', '14149350', 1, '2023-04-15 21:51:05', '2023-04-16 05:51:05', 139, '2023-04-05 13:16:10', '2023-04-05 13:16:10'),
(138, 'Placeat sequi explicabo accusamus.', '85384120', 1, '2023-04-22 11:51:11', '2023-04-22 17:51:11', 140, '2023-04-05 13:16:10', '2023-04-05 13:16:10'),
(139, 'Vel doloremque dicta autem.', '33382231', 2, '2023-04-13 04:16:50', '2023-04-13 12:16:50', 141, '2023-04-05 13:16:10', '2023-04-05 13:16:10'),
(140, 'Atque praesentium assumenda et blanditiis sunt.', '43569873', 2, '2023-05-04 11:55:48', '2023-05-04 18:55:48', 142, '2023-04-05 13:16:10', '2023-04-05 13:16:10'),
(141, 'Sint cupiditate eos quidem.', '32795043', 2, '2023-04-17 18:05:00', '2023-04-17 19:05:00', 143, '2023-04-05 13:16:10', '2023-04-05 13:16:10'),
(142, 'Odit nemo qui non harum ducimus.', '52695888', 3, '2023-05-02 15:02:20', '2023-05-02 16:02:20', 144, '2023-04-05 13:16:10', '2023-04-05 13:16:10'),
(143, 'Dolorem necessitatibus aliquam adipisci.', '21908585', 1, '2023-04-28 12:56:32', '2023-04-28 13:56:32', 145, '2023-04-05 13:16:10', '2023-04-05 13:16:10'),
(144, 'Placeat earum quidem quaerat labore fuga iusto.', '52544184', 3, '2023-04-23 13:00:35', '2023-04-23 19:00:35', 146, '2023-04-05 13:16:10', '2023-04-05 13:16:10'),
(145, 'Aliquam minima velit eos ea aut voluptatem.', '49051359', 4, '2023-04-25 21:58:30', '2023-04-26 02:58:30', 147, '2023-04-05 13:16:10', '2023-04-05 13:16:10'),
(146, 'Ratione aut necessitatibus sit eum qui laborum ut.', '60661211', 4, '2023-04-29 10:20:43', '2023-04-29 18:20:43', 148, '2023-04-05 13:16:10', '2023-04-05 13:16:10'),
(147, 'Molestiae voluptatum aut vitae.', '44353258', 1, '2023-04-18 01:20:52', '2023-04-18 08:20:52', 149, '2023-04-05 13:16:10', '2023-04-05 13:16:10'),
(148, 'Non laborum cumque vero illum.', '29049440', 1, '2023-05-02 04:54:01', '2023-05-02 11:54:01', 150, '2023-04-05 13:16:10', '2023-04-05 13:16:10'),
(149, 'In veniam eum dignissimos alias.', '86284771', 4, '2023-04-16 11:18:56', '2023-04-16 17:18:56', 151, '2023-04-05 13:16:10', '2023-04-05 13:16:10'),
(150, 'Officia molestias nemo qui aspernatur maiores laudantium.', '78525745', 2, '2023-04-13 23:39:13', '2023-04-14 01:39:13', 152, '2023-04-05 13:16:10', '2023-04-05 13:16:10'),
(151, 'Officia omnis ratione numquam ipsam.', '37014835', 1, '2023-04-11 01:33:46', '2023-04-11 04:33:46', 153, '2023-04-05 13:16:10', '2023-04-05 13:16:10'),
(152, 'Quis sit et ut id similique est.', '59546844', 0, '2023-04-12 01:46:38', '2023-04-12 03:46:38', 154, '2023-04-05 13:16:11', '2023-04-05 13:16:11'),
(153, 'Et quasi et dignissimos expedita ad beatae.', '45022080', 3, '2023-04-12 09:50:20', '2023-04-12 14:50:20', 9, '2023-04-05 13:16:11', '2023-04-05 13:16:11'),
(154, 'Blanditiis modi possimus quibusdam assumenda.', '49154373', 4, '2023-05-01 17:10:53', '2023-05-02 02:10:53', 155, '2023-04-05 13:16:11', '2023-04-05 13:16:11'),
(155, 'Nobis est impedit porro voluptas nulla.', '69046764', 1, '2023-04-28 12:15:30', '2023-04-28 15:15:30', 156, '2023-04-05 13:16:11', '2023-04-05 13:16:11'),
(156, 'Nostrum quo sed alias est odit rem fuga.', '73639301', 1, '2023-04-21 13:15:50', '2023-04-21 20:15:50', 157, '2023-04-05 13:16:11', '2023-04-05 13:16:11'),
(157, 'Ut praesentium est sequi at error ut dicta.', '69882043', 3, '2023-04-29 21:24:00', '2023-04-29 22:24:00', 158, '2023-04-05 13:16:11', '2023-04-05 13:16:11'),
(158, 'Placeat sint enim rem autem ducimus.', '17463643', 2, '2023-04-13 19:15:11', '2023-04-14 03:15:11', 159, '2023-04-05 13:16:11', '2023-04-05 13:16:11'),
(159, 'Doloribus qui error fuga non dolore voluptatem illum.', '96934038', 1, '2023-04-30 15:05:57', '2023-04-30 21:05:57', 160, '2023-04-05 13:16:11', '2023-04-05 13:16:11'),
(160, 'Eum nihil corrupti distinctio.', '19426924', 4, '2023-04-30 02:37:51', '2023-04-30 10:37:51', 161, '2023-04-05 13:16:11', '2023-04-05 13:16:11'),
(161, 'Rerum consequatur omnis sit atque quae fugit.', '89141016', 3, '2023-04-22 22:06:44', '2023-04-23 04:06:44', 162, '2023-04-05 13:16:11', '2023-04-05 13:16:11'),
(162, 'Sit non saepe quidem dolorem nihil magnam.', '70513489', 1, '2023-04-12 18:55:09', '2023-04-12 20:55:09', 163, '2023-04-05 13:16:11', '2023-04-05 13:16:11'),
(163, 'Eligendi incidunt a accusamus nam ut enim quibusdam.', '10727563', 3, '2023-04-12 21:23:27', '2023-04-13 06:23:27', 164, '2023-04-05 13:16:11', '2023-04-05 13:16:11'),
(164, 'Non tempore earum aut atque neque.', '12130837', 4, '2023-04-15 23:39:12', '2023-04-16 07:39:12', 165, '2023-04-05 13:16:11', '2023-04-05 13:16:11'),
(165, 'Ex consectetur quos commodi perspiciatis fugiat dignissimos quo.', '80513738', 0, '2023-04-29 07:34:23', '2023-04-29 10:34:23', 166, '2023-04-05 13:16:11', '2023-04-05 13:16:11'),
(166, 'Explicabo repellendus voluptatem quas nisi earum in adipisci.', '72714463', 3, '2023-04-10 08:51:31', '2023-04-10 17:51:31', 167, '2023-04-05 13:16:11', '2023-04-05 13:16:11'),
(167, 'Omnis qui at repudiandae doloremque necessitatibus.', '52257702', 1, '2023-04-16 06:40:38', '2023-04-16 09:40:38', 168, '2023-04-05 13:16:11', '2023-04-05 13:16:11'),
(168, 'Et dolore enim tenetur.', '29430116', 3, '2023-04-07 03:58:08', '2023-04-07 12:58:08', 169, '2023-04-05 13:16:11', '2023-04-05 13:16:11'),
(169, 'Officiis maxime et fuga nostrum sit sint in.', '64720967', 3, '2023-04-18 06:15:48', '2023-04-18 07:15:48', 170, '2023-04-05 13:16:11', '2023-04-05 13:16:11'),
(170, 'Provident nisi non sit assumenda consequuntur tempora sed.', '28650952', 2, '2023-04-16 07:28:26', '2023-04-16 14:28:26', 171, '2023-04-05 13:16:11', '2023-04-05 13:16:11'),
(171, 'Labore saepe voluptate corporis rerum qui.', '73091197', 0, '2023-04-23 01:34:46', '2023-04-23 05:34:46', 172, '2023-04-05 13:16:11', '2023-04-05 13:16:11'),
(172, 'Rerum ut ad voluptatem aut sapiente atque excepturi nobis.', '82141244', 0, '2023-04-11 07:39:44', '2023-04-11 09:39:44', 10, '2023-04-05 13:16:12', '2023-04-05 13:16:12'),
(173, 'Esse maiores nemo adipisci ea dolorem.', '20204177', 4, '2023-04-10 14:24:57', '2023-04-10 18:24:57', 173, '2023-04-05 13:16:12', '2023-04-05 13:16:12'),
(174, 'Officia numquam soluta dolor sit et.', '69916036', 1, '2023-05-02 04:57:14', '2023-05-02 06:57:14', 174, '2023-04-05 13:16:12', '2023-04-05 13:16:12'),
(175, 'Officiis quia quis quia fuga omnis quia.', '72742743', 1, '2023-04-17 15:25:16', '2023-04-17 23:25:16', 175, '2023-04-05 13:16:12', '2023-04-05 13:16:12'),
(176, 'Aut iste maxime quasi in atque.', '29782577', 1, '2023-04-12 15:41:19', '2023-04-12 21:41:19', 176, '2023-04-05 13:16:12', '2023-04-05 13:16:12'),
(177, 'Fugiat ut dicta consequatur eligendi placeat.', '49597034', 1, '2023-04-30 02:35:41', '2023-04-30 08:35:41', 177, '2023-04-05 13:16:12', '2023-04-05 13:16:12'),
(178, 'Possimus eligendi ut vel ratione.', '99295472', 0, '2023-04-15 16:40:39', '2023-04-15 18:40:39', 178, '2023-04-05 13:16:12', '2023-04-05 13:16:12'),
(179, 'Tempora qui blanditiis et quis sed et.', '49628986', 3, '2023-04-27 01:11:23', '2023-04-27 08:11:23', 179, '2023-04-05 13:16:12', '2023-04-05 13:16:12'),
(180, 'Nostrum omnis et molestiae architecto fugit suscipit praesentium est.', '29697701', 2, '2023-04-27 00:36:01', '2023-04-27 08:36:01', 180, '2023-04-05 13:16:12', '2023-04-05 13:16:12'),
(181, 'Eaque magni minima voluptatum aut quia et.', '67853220', 0, '2023-04-13 17:22:24', '2023-04-13 23:22:24', 181, '2023-04-05 13:16:12', '2023-04-05 13:16:12'),
(182, 'Voluptas voluptas voluptate tempora voluptate unde.', '28490095', 4, '2023-04-06 21:27:13', '2023-04-07 02:27:13', 182, '2023-04-05 13:16:12', '2023-04-05 13:16:12'),
(183, 'Reprehenderit ipsa et eligendi rerum dolorum id.', '11919464', 0, '2023-04-17 19:17:15', '2023-04-17 20:17:15', 183, '2023-04-05 13:16:12', '2023-04-05 13:16:12'),
(184, 'Libero omnis eius est saepe non aperiam voluptatem delectus.', '98067989', 1, '2023-04-18 00:54:37', '2023-04-18 05:54:37', 184, '2023-04-05 13:16:12', '2023-04-05 13:16:12'),
(185, 'Est voluptatem laborum impedit ea.', '76905772', 4, '2023-04-26 02:00:30', '2023-04-26 06:00:30', 185, '2023-04-05 13:16:12', '2023-04-05 13:16:12'),
(186, 'Et inventore aut perferendis nesciunt est eveniet.', '39662314', 1, '2023-04-10 16:35:21', '2023-04-10 20:35:21', 186, '2023-04-05 13:16:12', '2023-04-05 13:16:12'),
(187, 'Doloremque nostrum odit corrupti vel atque.', '50697330', 3, '2023-04-28 19:06:36', '2023-04-29 00:06:36', 187, '2023-04-05 13:16:12', '2023-04-05 13:16:12'),
(188, 'Est sint fuga est autem iste eligendi et velit.', '55406495', 3, '2023-04-29 19:45:05', '2023-04-29 23:45:05', 188, '2023-04-05 13:16:12', '2023-04-05 13:16:12'),
(189, 'Id maxime voluptas et quod autem deserunt eveniet animi.', '42397851', 1, '2023-05-03 22:04:32', '2023-05-04 04:04:32', 189, '2023-04-05 13:16:12', '2023-04-05 13:16:12'),
(190, 'Quas quia nihil vel quis nobis.', '65827109', 1, '2023-04-20 14:18:42', '2023-04-20 15:18:42', 190, '2023-04-05 13:16:12', '2023-04-05 13:16:12');

-- --------------------------------------------------------

--
-- Table structure for table `users`
--

CREATE TABLE `users` (
  `id` bigint UNSIGNED NOT NULL,
  `name` varchar(255) COLLATE utf8mb4_unicode_ci NOT NULL,
  `email` varchar(255) COLLATE utf8mb4_unicode_ci NOT NULL,
  `email_verified_at` timestamp NULL DEFAULT NULL,
  `password` varchar(255) COLLATE utf8mb4_unicode_ci NOT NULL,
  `remember_token` varchar(100) COLLATE utf8mb4_unicode_ci DEFAULT NULL,
  `created_at` timestamp NULL DEFAULT NULL,
  `updated_at` timestamp NULL DEFAULT NULL
) ENGINE=InnoDB DEFAULT CHARSET=utf8mb4 COLLATE=utf8mb4_unicode_ci;

--
-- Dumping data for table `users`
--

INSERT INTO `users` (`id`, `name`, `email`, `email_verified_at`, `password`, `remember_token`, `created_at`, `updated_at`) VALUES
(1, 'Eileen Russel', 'me@email.com', '2023-04-05 13:16:03', '$2y$10$oqT/xXbsEEA/QSu0AR2VyeuHlrTXLcpnF/oltws7hLXgXmuzXqMyG', 'fc3GdEsxBh', '2023-04-05 13:16:03', '2023-04-05 13:16:03'),
(2, 'Dr. Justus Gleason MD', 'eloisa26@example.net', '2023-04-05 13:16:04', '$2y$10$whXk8SebKpdkx9MzV8.vSOEnMqOicqXIMkANhkqKIZdF8IJzMy9gq', 'YPuQY7ZCf5', '2023-04-05 13:16:04', '2023-04-05 13:16:04'),
(3, 'Anita Fay', 'lavon.oconnell@example.net', '2023-04-05 13:16:04', '$2y$10$R.oU5fh3mLMSPoc7XMHKm.nv84V.nByX9Ft.5H0l1jA37xoAJh/zi', 'kV1umSVNq8', '2023-04-05 13:16:04', '2023-04-05 13:16:04'),
(4, 'Garnett Berge', 'daron.quitzon@example.net', '2023-04-05 13:16:04', '$2y$10$2xN.bdKk1z09LHHsKIYCBeKTWvXniCb4jrw48XSsHSq1T7ru3bu76', '7YvZjCioFj', '2023-04-05 13:16:04', '2023-04-05 13:16:04'),
(5, 'Prof. Lavonne Metz PhD', 'virginie.smitham@example.org', '2023-04-05 13:16:04', '$2y$10$exoG1QBAqnD8IXBipeOlQebjzUSu3vzVZmOxfi5DdU9Rsq1E/b5Qu', 'hihHyvTNpN', '2023-04-05 13:16:04', '2023-04-05 13:16:04'),
(6, 'Dr. Gregoria Bayer DVM', 'schneider.godfrey@example.org', '2023-04-05 13:16:04', '$2y$10$9CfTEgabwJM4fS1nl/jE9.JLov5Mk2sblNGsFCOAbfofojCQQ49US', 'Ie5aF7FlxD', '2023-04-05 13:16:04', '2023-04-05 13:16:04'),
(7, 'Damion Mayert', 'kaitlin.murphy@example.net', '2023-04-05 13:16:05', '$2y$10$ERiWiAWPQGAEqcOp4bU8p.b1bR7hL.8JUgextCXZ0PqhLiPyC4rQa', 'yGlJ12ecKj', '2023-04-05 13:16:05', '2023-04-05 13:16:05'),
(8, 'Joyce Jones', 'spencer.savion@example.org', '2023-04-05 13:16:05', '$2y$10$5eUdHuy4OcU/qjf4UWZhJeJtpBrmQpTVe3sIhGcmVivTs1kKcKzNG', 'dqOs3DnWIY', '2023-04-05 13:16:05', '2023-04-05 13:16:05'),
(9, 'Brannon Willms', 'zaria71@example.org', '2023-04-05 13:16:05', '$2y$10$2q.thaf06VzaI1YgLhOmsOBRNkSU/Gzz/hXU3xJk1I50Om5NHL/ri', 'lVnCQBBDfo', '2023-04-05 13:16:05', '2023-04-05 13:16:05'),
(10, 'Kennedy Jones II', 'gorczany.cornelius@example.com', '2023-04-05 13:16:05', '$2y$10$tBmkNrMM62Xeeo6cC3ePsuj8VDeyiHl9hQJ6DWMieqAGViEXok5H.', 'thBEctLEpm', '2023-04-05 13:16:05', '2023-04-05 13:16:05'),
(11, 'Lenora Flatley', 'rippin.mathew@example.com', '2023-04-05 13:16:05', '$2y$10$juKDXx1sEUO9GY47D0DDp.T1QOxtBU.tgYwAxytB8HMARHpsmi1mC', '5HsWGXIZQS', '2023-04-05 13:16:05', '2023-04-05 13:16:05'),
(12, 'Prof. Garland Rippin', 'cruz58@example.com', '2023-04-05 13:16:05', '$2y$10$LhhtqH1D9D7aSuMojjISieN3ViMZLIUHSu8.JgvGv0c2lpb/.h896', 'BWQUlYEwuP', '2023-04-05 13:16:06', '2023-04-05 13:16:06'),
(13, 'Prof. Estella Brakus', 'xander15@example.org', '2023-04-05 13:16:05', '$2y$10$yoluEDRk61pBzYKO7mNv4ev6VNlOwJfyWpUeUdmR69n7oviD7KAVu', 'PrwBVMCJ21', '2023-04-05 13:16:06', '2023-04-05 13:16:06'),
(14, 'Thaddeus Leannon', 'collin15@example.net', '2023-04-05 13:16:06', '$2y$10$yY1q1YDOxOpqBD9SqaUKi.g.BgDeLlNc3lylHORpqMxwRMIhQ9YMa', 'H6mBM8BJt6', '2023-04-05 13:16:06', '2023-04-05 13:16:06'),
(15, 'Rashad Gottlieb', 'uriel.kunde@example.org', '2023-04-05 13:16:06', '$2y$10$mSKs2DOOT6KEwWvtNMH/Auxjl3p93VztQgusPriqIRliCaNJemSWe', 'qHHqML7lVW', '2023-04-05 13:16:06', '2023-04-05 13:16:06'),
(16, 'Prof. King Bartoletti', 'ahmad.jacobi@example.org', '2023-04-05 13:16:06', '$2y$10$NOh5FeQ63WDz7jYypu2dzeFtF7Fd0UB8VBVqkxAio5B4Z5WH0dlZy', 'xEN5nrWrII', '2023-04-05 13:16:06', '2023-04-05 13:16:06'),
(17, 'Blanca McGlynn', 'herta.larkin@example.com', '2023-04-05 13:16:06', '$2y$10$Dw3/DR9dl31mB9Tx0/sTyuUG5GiPq/tYIfl5n.uJ15tuIfJ8yHLsG', 'S2kCtkBxoK', '2023-04-05 13:16:07', '2023-04-05 13:16:07'),
(18, 'Gabriel Renner', 'herzog.destany@example.org', '2023-04-05 13:16:06', '$2y$10$D0SMxNsceDezInx0qZsrduTJLS4fuCfIOLuTrmJ3EJ2mwr7lAWALG', 'jPopHgnnyj', '2023-04-05 13:16:07', '2023-04-05 13:16:07'),
(19, 'Mr. Rodrigo Bernhard III', 'legros.caitlyn@example.com', '2023-04-05 13:16:06', '$2y$10$4AnXO8IciKOJNAyIVvnokuxIR6XcL5eLmGXK.xve.gfVeFevRoxqO', 'ycGZo08tRp', '2023-04-05 13:16:07', '2023-04-05 13:16:07'),
(20, 'Liana Walter', 'jewell.christiansen@example.net', '2023-04-05 13:16:06', '$2y$10$0H3Hl4jKTBJTtjGU/X9o/Oerj4j5kddbrQDa447SOiqoc0FzbXya2', '5Gh2F4KC0v', '2023-04-05 13:16:07', '2023-04-05 13:16:07'),
(21, 'Houston Connelly II', 'jrath@example.com', '2023-04-05 13:16:06', '$2y$10$OkRgaf4bnrDByMkhEJT1GurmZGTijpV/2vtFdJzR6iOUXpIv9290W', 'Citw9aPZGW', '2023-04-05 13:16:07', '2023-04-05 13:16:07'),
(22, 'Miss Juana Leuschke DDS', 'alec.bashirian@example.com', '2023-04-05 13:16:07', '$2y$10$GvSU6ZyjcR7u0iv5QETYm.8Churg/eB9IAXP5QXM9/9lwkPmac6nq', 'DuxiYGmGV7', '2023-04-05 13:16:07', '2023-04-05 13:16:07'),
(23, 'Myron Senger', 'parisian.dylan@example.org', '2023-04-05 13:16:07', '$2y$10$bDtZMvavJIZ4mqUUntG4duj8TqHU6IK77lw7gkAA/T.yRdRsDGgEG', 'H02wY38kiL', '2023-04-05 13:16:07', '2023-04-05 13:16:07'),
(24, 'Ms. Fleta Bayer', 'monserrat.okon@example.org', '2023-04-05 13:16:07', '$2y$10$AN5KRVLBmW4MdPPX/Qsq..YtNEMAlRuwooF.171Q0knFqEBA9tPOi', 'tybTxTIQEU', '2023-04-05 13:16:07', '2023-04-05 13:16:07'),
(25, 'Cassandra Romaguera', 'lebsack.madisyn@example.com', '2023-04-05 13:16:07', '$2y$10$PYe056PG/bLXTvZED8KlFerrT.qU1p1vx.umNEJo1Uu2TCVxmTl.i', 'PpaG6Sc3JV', '2023-04-05 13:16:07', '2023-04-05 13:16:07'),
(26, 'Prof. Ray Predovic', 'jmills@example.net', '2023-04-05 13:16:07', '$2y$10$aLrIsNHNGWjA3Abq9Slj9.sqXxCc/ENNqvX5hDulzAyGtnvL7aRSC', 'AMA2ElIEzr', '2023-04-05 13:16:07', '2023-04-05 13:16:07'),
(27, 'Nellie Ernser', 'ahowe@example.net', '2023-04-05 13:16:08', '$2y$10$KS/B4tEkhwQXQ5pNw7vkhuqZftgMP4aUrw47hPj6Kv07xImEHPVWW', 'CikdLtzBQr', '2023-04-05 13:16:08', '2023-04-05 13:16:08'),
(28, 'Kylee Hessel', 'robert41@example.com', '2023-04-05 13:16:08', '$2y$10$cy1fB9UJuMH9puTNHjVQF.J8/KxvBwTUz2hdMaLrHU3af3JenJpRq', 'WVNT4JCXBU', '2023-04-05 13:16:08', '2023-04-05 13:16:08'),
(29, 'Prof. Zita Wilderman', 'uerdman@example.org', '2023-04-05 13:16:08', '$2y$10$OaW78tqehxnhKxTGMXPmj.jFHpqoMn9m5gQpxcBd4sJxk6tHtyGLS', 'iYchtKg3RJ', '2023-04-05 13:16:08', '2023-04-05 13:16:08'),
(30, 'Prof. Jaiden Hirthe', 'bogan.wilber@example.org', '2023-04-05 13:16:08', '$2y$10$9H0XoT91H5nD3RXvmMFdO.ndT2CH0YeTE7rTqqPlX1VqZZpwwgCtK', '2IPV41TLUy', '2023-04-05 13:16:08', '2023-04-05 13:16:08'),
(31, 'Mrs. Krystina Reinger', 'prince.mills@example.net', '2023-04-05 13:16:08', '$2y$10$6dDRwrC5rbh062upXTpa9OgwypMhwP/vMXKiXbGd2RLPvO1L2bjSu', 'Z05gPvHsO3', '2023-04-05 13:16:08', '2023-04-05 13:16:08'),
(32, 'Taurean Bauch', 'boyle.alex@example.org', '2023-04-05 13:16:09', '$2y$10$iDJmkN0.4EOIwueQKaY3nOgX8k2ijL.bmXx6CD7FZXPLNifPcnTRy', 'lbGIQED9vl', '2023-04-05 13:16:09', '2023-04-05 13:16:09'),
(33, 'Dr. Sherwood Osinski', 'deondre42@example.net', '2023-04-05 13:16:09', '$2y$10$OtXHEdUpc9UsUVYhkS2XN.oD1B.tyDlizCViMmI0daaA8qhSN5dDe', '1t4XipIhLQ', '2023-04-05 13:16:09', '2023-04-05 13:16:09'),
(34, 'Maritza Kessler', 'shaun82@example.net', '2023-04-05 13:16:09', '$2y$10$lrnKBJpWudSo0xyTBeRROuGTwH8IKdE4IGOCHWtsvY6xigguDzpzq', 'YGkWtWPQgs', '2023-04-05 13:16:09', '2023-04-05 13:16:09'),
(35, 'Mr. Don Cartwright DDS', 'aida70@example.net', '2023-04-05 13:16:09', '$2y$10$RxyiMg7SvoTzLsMOgvzE4.ADeQaeUW2y67BdxA4J93mcfRt92DYTa', 'h7CtyNib4u', '2023-04-05 13:16:09', '2023-04-05 13:16:09'),
(36, 'Helen Rice', 'dereck.medhurst@example.net', '2023-04-05 13:16:09', '$2y$10$tCDoW6FcG42vXNGqHiolnejFBtb3HTjAykTgpbcU9coiVz3twTxRa', 'hlh7rN86Ht', '2023-04-05 13:16:09', '2023-04-05 13:16:09'),
(37, 'Fred Zboncak', 'tyrique65@example.org', '2023-04-05 13:16:10', '$2y$10$sCHzvhWelMz4aapygowdtecCPoCAzNbhVCb6I8fltLuddZqUYSj12', '2abfGONgx1', '2023-04-05 13:16:10', '2023-04-05 13:16:10'),
(38, 'Ms. Caitlyn Morar DDS', 'nbailey@example.net', '2023-04-05 13:16:10', '$2y$10$.O9JFr/yIveGG8iYAW8SVecOII4GB72rBMCYe8tXMVHh4h31YjaoW', 'KJKpgXLL3z', '2023-04-05 13:16:10', '2023-04-05 13:16:10'),
(39, 'Toy Bechtelar', 'fmertz@example.net', '2023-04-05 13:16:10', '$2y$10$zHlFnm8G6jkPBI.ojhaG/emVBTVNBReoFQ/XjJrj1FLhWEEV7S4CC', 'f8AWx775GQ', '2023-04-05 13:16:10', '2023-04-05 13:16:10'),
(40, 'Luz Christiansen', 'bradly.schinner@example.org', '2023-04-05 13:16:10', '$2y$10$3j6AIbcRRHLwlnKI1GxtUO5DkoMoBHpLyZyTbPlRcWqKVjhbjvhKm', '4Gm8L3vN5h', '2023-04-05 13:16:10', '2023-04-05 13:16:10'),
(41, 'Robyn Crooks', 'braynor@example.com', '2023-04-05 13:16:10', '$2y$10$rId6xFEsU3T2HyyU7xNLA.hzQN/4XoZbwczCG2oXaTvKwrhM6vmy2', 'teFjnvIYrA', '2023-04-05 13:16:10', '2023-04-05 13:16:10'),
(42, 'Prof. Raheem Fay Jr.', 'beatty.daron@example.org', '2023-04-05 13:16:11', '$2y$10$pdiw.TaO7TDkT8C2q/q/Heh5VzV1fLw0LO6mKu22gpDCzP9nkikwe', 'EJAPSVjuRs', '2023-04-05 13:16:11', '2023-04-05 13:16:11'),
(43, 'Gianni Stehr', 'dolores.ernser@example.org', '2023-04-05 13:16:11', '$2y$10$8yAqeDQPh0cY.abChZu9ROZPJP2U4HcG6lJCbQnizcJlQNSqzba0m', '0cx4kioNCe', '2023-04-05 13:16:11', '2023-04-05 13:16:11'),
(44, 'Dale Monahan', 'maximus85@example.org', '2023-04-05 13:16:11', '$2y$10$wLXh9z2vr5ikKhbSMzKImu7jo4wfa7GhKAQQ80rii4NrR0x4WBvqC', 'i8SuIzxvlz', '2023-04-05 13:16:11', '2023-04-05 13:16:11'),
(45, 'Lucinda Gusikowski', 'yadira.wilkinson@example.com', '2023-04-05 13:16:11', '$2y$10$1F4O64DaGF4MqvSalaJVkuKJH.Mg9lAiXthbrj0BHwv5VWi2NqbNe', 'NJxFzIGjjF', '2023-04-05 13:16:11', '2023-04-05 13:16:11'),
(46, 'Abbie Breitenberg', 'orie.mcdermott@example.org', '2023-04-05 13:16:11', '$2y$10$U1ohMUp9LUPUBYKSuw11L.Tl69fbcF5000AjU12V8jtCU0k.dNjHq', 'hcEGibMl7B', '2023-04-05 13:16:11', '2023-04-05 13:16:11'),
(47, 'Ada Heidenreich', 'sammie09@example.net', '2023-04-05 13:16:12', '$2y$10$NT0y1ly.lMVp.wRVgF.7pOggaIz.D54VPtHTM4GTuuCN3FKq32tbO', 'JRNxdjuMNo', '2023-04-05 13:16:12', '2023-04-05 13:16:12'),
(48, 'Fernando Feeney', 'sauer.emilia@example.com', '2023-04-05 13:16:12', '$2y$10$/UuhupaC6Ensnc9MBH3JQef8yTabIxvip5HyyayfH93hrDR4aUPda', 'HKtJAOlYNM', '2023-04-05 13:16:12', '2023-04-05 13:16:12'),
(49, 'Mr. Korey Prosacco', 'zwolff@example.org', '2023-04-05 13:16:12', '$2y$10$D271A/ycsBHzrVA2H/Qz6eAbKbuady/Y5MCB8UMgs2TbEUIEu6Sae', 'vxEMlHGKng', '2023-04-05 13:16:12', '2023-04-05 13:16:12'),
(50, 'Mr. Axel Lubowitz Sr.', 'cruickshank.vicky@example.net', '2023-04-05 13:16:12', '$2y$10$0C/SrIksnPK8jJnAqo8dmOna0BZIa7igrzuzFMFUY7oNCskhdHBxi', 'qTgaviPUrH', '2023-04-05 13:16:12', '2023-04-05 13:16:12'),
(51, 'Rodrick Gleichner', 'rogahn.sibyl@example.org', '2023-04-05 13:16:12', '$2y$10$V61PoEMJIkh1XyMG13zEJeO.gd0MpHVpOzOd.kfHY1ePMxSD8ipEi', 'Acta8nSdct', '2023-04-05 13:16:12', '2023-04-05 13:16:12');

--
-- Indexes for dumped tables
--

--
-- Indexes for table `admins`
--
ALTER TABLE `admins`
  ADD PRIMARY KEY (`id`),
  ADD UNIQUE KEY `admins_email_unique` (`email`);

--
-- Indexes for table `buses`
--
ALTER TABLE `buses`
  ADD PRIMARY KEY (`id`),
  ADD UNIQUE KEY `buses_number_unique` (`number`),
  ADD UNIQUE KEY `buses_plate_number_unique` (`plate_number`);

--
-- Indexes for table `failed_jobs`
--
ALTER TABLE `failed_jobs`
  ADD PRIMARY KEY (`id`),
  ADD UNIQUE KEY `failed_jobs_uuid_unique` (`uuid`);

--
-- Indexes for table `governrates`
--
ALTER TABLE `governrates`
  ADD PRIMARY KEY (`id`),
  ADD UNIQUE KEY `governrates_name_unique` (`name`),
  ADD UNIQUE KEY `governrates_code_unique` (`code`);

--
-- Indexes for table `migrations`
--
ALTER TABLE `migrations`
  ADD PRIMARY KEY (`id`);

--
-- Indexes for table `password_reset_tokens`
--
ALTER TABLE `password_reset_tokens`
  ADD PRIMARY KEY (`email`);

--
-- Indexes for table `personal_access_tokens`
--
ALTER TABLE `personal_access_tokens`
  ADD PRIMARY KEY (`id`),
  ADD UNIQUE KEY `personal_access_tokens_token_unique` (`token`),
  ADD KEY `personal_access_tokens_tokenable_type_tokenable_id_index` (`tokenable_type`,`tokenable_id`);

--
-- Indexes for table `reservations`
--
ALTER TABLE `reservations`
  ADD PRIMARY KEY (`id`),
  ADD KEY `reservations_trip_id_foreign` (`trip_id`),
  ADD KEY `reservations_from_station_id_foreign` (`from_station_id`),
  ADD KEY `reservations_to_station_id_foreign` (`to_station_id`),
  ADD KEY `reservations_user_id_foreign` (`user_id`),
  ADD KEY `reservations_seat_id_foreign` (`seat_id`);

--
-- Indexes for table `seats`
--
ALTER TABLE `seats`
  ADD PRIMARY KEY (`id`),
  ADD KEY `seats_bus_id_foreign` (`bus_id`);

--
-- Indexes for table `stations`
--
ALTER TABLE `stations`
  ADD PRIMARY KEY (`id`),
  ADD KEY `stations_parent_id_foreign` (`parent_id`),
  ADD KEY `stations_governrate_id_foreign` (`governrate_id`),
  ADD KEY `stations_trip_id_foreign` (`trip_id`);

--
-- Indexes for table `trips`
--
ALTER TABLE `trips`
  ADD PRIMARY KEY (`id`),
  ADD KEY `trips_bus_id_foreign` (`bus_id`);

--
-- Indexes for table `users`
--
ALTER TABLE `users`
  ADD PRIMARY KEY (`id`),
  ADD UNIQUE KEY `users_email_unique` (`email`);

--
-- AUTO_INCREMENT for dumped tables
--

--
-- AUTO_INCREMENT for table `admins`
--
ALTER TABLE `admins`
  MODIFY `id` int UNSIGNED NOT NULL AUTO_INCREMENT, AUTO_INCREMENT=2;

--
-- AUTO_INCREMENT for table `buses`
--
ALTER TABLE `buses`
  MODIFY `id` bigint UNSIGNED NOT NULL AUTO_INCREMENT, AUTO_INCREMENT=191;

--
-- AUTO_INCREMENT for table `failed_jobs`
--
ALTER TABLE `failed_jobs`
  MODIFY `id` bigint UNSIGNED NOT NULL AUTO_INCREMENT;

--
-- AUTO_INCREMENT for table `governrates`
--
ALTER TABLE `governrates`
  MODIFY `id` bigint UNSIGNED NOT NULL AUTO_INCREMENT, AUTO_INCREMENT=30;

--
-- AUTO_INCREMENT for table `migrations`
--
ALTER TABLE `migrations`
  MODIFY `id` int UNSIGNED NOT NULL AUTO_INCREMENT, AUTO_INCREMENT=12;

--
-- AUTO_INCREMENT for table `personal_access_tokens`
--
ALTER TABLE `personal_access_tokens`
  MODIFY `id` bigint UNSIGNED NOT NULL AUTO_INCREMENT, AUTO_INCREMENT=2;

--
-- AUTO_INCREMENT for table `reservations`
--
ALTER TABLE `reservations`
  MODIFY `id` bigint UNSIGNED NOT NULL AUTO_INCREMENT, AUTO_INCREMENT=61;

--
-- AUTO_INCREMENT for table `seats`
--
ALTER TABLE `seats`
  MODIFY `id` bigint UNSIGNED NOT NULL AUTO_INCREMENT, AUTO_INCREMENT=121;

--
-- AUTO_INCREMENT for table `stations`
--
ALTER TABLE `stations`
  MODIFY `id` bigint UNSIGNED NOT NULL AUTO_INCREMENT, AUTO_INCREMENT=224;

--
-- AUTO_INCREMENT for table `trips`
--
ALTER TABLE `trips`
  MODIFY `id` bigint UNSIGNED NOT NULL AUTO_INCREMENT, AUTO_INCREMENT=191;

--
-- AUTO_INCREMENT for table `users`
--
ALTER TABLE `users`
  MODIFY `id` bigint UNSIGNED NOT NULL AUTO_INCREMENT, AUTO_INCREMENT=52;

--
-- Constraints for dumped tables
--

--
-- Constraints for table `reservations`
--
ALTER TABLE `reservations`
  ADD CONSTRAINT `reservations_from_station_id_foreign` FOREIGN KEY (`from_station_id`) REFERENCES `stations` (`id`) ON DELETE CASCADE ON UPDATE CASCADE,
  ADD CONSTRAINT `reservations_seat_id_foreign` FOREIGN KEY (`seat_id`) REFERENCES `seats` (`id`) ON DELETE CASCADE ON UPDATE CASCADE,
  ADD CONSTRAINT `reservations_to_station_id_foreign` FOREIGN KEY (`to_station_id`) REFERENCES `stations` (`id`) ON DELETE CASCADE ON UPDATE CASCADE,
  ADD CONSTRAINT `reservations_trip_id_foreign` FOREIGN KEY (`trip_id`) REFERENCES `trips` (`id`) ON DELETE CASCADE ON UPDATE CASCADE,
  ADD CONSTRAINT `reservations_user_id_foreign` FOREIGN KEY (`user_id`) REFERENCES `users` (`id`) ON DELETE CASCADE ON UPDATE CASCADE;

--
-- Constraints for table `seats`
--
ALTER TABLE `seats`
  ADD CONSTRAINT `seats_bus_id_foreign` FOREIGN KEY (`bus_id`) REFERENCES `buses` (`id`) ON DELETE CASCADE ON UPDATE CASCADE;

--
-- Constraints for table `stations`
--
ALTER TABLE `stations`
  ADD CONSTRAINT `stations_governrate_id_foreign` FOREIGN KEY (`governrate_id`) REFERENCES `governrates` (`id`) ON DELETE CASCADE ON UPDATE CASCADE,
  ADD CONSTRAINT `stations_parent_id_foreign` FOREIGN KEY (`parent_id`) REFERENCES `stations` (`id`) ON DELETE CASCADE ON UPDATE CASCADE,
  ADD CONSTRAINT `stations_trip_id_foreign` FOREIGN KEY (`trip_id`) REFERENCES `trips` (`id`) ON DELETE CASCADE ON UPDATE CASCADE;

--
-- Constraints for table `trips`
--
ALTER TABLE `trips`
  ADD CONSTRAINT `trips_bus_id_foreign` FOREIGN KEY (`bus_id`) REFERENCES `buses` (`id`) ON DELETE CASCADE ON UPDATE CASCADE;
COMMIT;

/*!40101 SET CHARACTER_SET_CLIENT=@OLD_CHARACTER_SET_CLIENT */;
/*!40101 SET CHARACTER_SET_RESULTS=@OLD_CHARACTER_SET_RESULTS */;
/*!40101 SET COLLATION_CONNECTION=@OLD_COLLATION_CONNECTION */;
